factor,common,horizon,quintile,event_count,mean_fwd_ret,median_fwd_ret,mean_mfe,mean_mae,plus_1atr_first_rate,minus_1atr_first_rate,ambiguous_rate,mfe_mae_ratio
ema_gap_atr,Trend separation: EMA50 distance above EMA200 normalized by ATR.,1,Q1,256,0.007264544504596636,0.004712792418303469,0.011394317806270409,0.003920856282129523,0.80859375,0.00390625,0.0078125,2.906078924188939
ema_gap_atr,Trend separation: EMA50 distance above EMA200 normalized by ATR.,1,Q2,255,0.0057011705454543034,0.004620963760420427,0.009742638662961066,0.0026819411120589083,0.7686274509803922,0.03137254901960784,0.00392156862745098,3.6326817986997884
ema_gap_atr,Trend separation: EMA50 distance above EMA200 normalized by ATR.,1,Q3,256,0.0052927351005318144,0.004641163774122714,0.009185948939223289,0.0023466155553807043,0.8046875,0.0078125,0.01171875,3.9145521379333914
ema_gap_atr,Trend separation: EMA50 distance above EMA200 normalized by ATR.,1,Q4,255,0.00592581947327384,0.004891771230687736,0.009940518246762809,0.0025587962371944606,0.8,0.00784313725490196,0.01568627450980392,3.884841669793092
ema_gap_atr,Trend separation: EMA50 distance above EMA200 normalized by ATR.,1,Q5,256,0.0064441830682701404,0.00554284742285116,0.010969495259582917,0.0027076588868088203,0.8359375,0.0234375,0.015625,4.0512840494879665
ema_gap_atr,Trend separation: EMA50 distance above EMA200 normalized by ATR.,4,Q1,256,0.008185716793896184,0.004884693504762838,0.014734340990016272,0.0016265630458936636,0.87109375,0.046875,0.0078125,9.058573553120995
ema_gap_atr,Trend separation: EMA50 distance above EMA200 normalized by ATR.,4,Q2,255,0.006090531185825403,0.004933122933573841,0.012691937135489443,0.00013807194498134347,0.8470588235294118,0.08627450980392157,0.00392156862745098,91.92263596492684
ema_gap_atr,Trend separation: EMA50 distance above EMA200 normalized by ATR.,4,Q3,256,0.00475628828766694,0.0038660600529526468,0.011757778321407626,-0.0003003171207520846,0.8828125,0.046875,0.01171875,39.15120886868723
ema_gap_atr,Trend separation: EMA50 distance above EMA200 normalized by ATR.,4,Q4,255,0.0054817571869743105,0.00427108433734924,0.012960956174738561,-0.0009587549610672349,0.8745098039215686,0.058823529411764705,0.01568627450980392,13.518528405121488
ema_gap_atr,Trend separation: EMA50 distance above EMA200 normalized by ATR.,4,Q5,256,0.0061815950157599695,0.004338647998601064,0.014226263893890926,-0.0004917298477603001,0.8828125,0.0625,0.015625,28.931056267354542
ema_gap_atr,Trend separation: EMA50 distance above EMA200 normalized by ATR.,8,Q1,256,0.008895592816719887,0.006547880485534008,0.017249106471404103,5.8461304978984444e-05,0.89453125,0.05859375,0.0078125,295.0516838035822
ema_gap_atr,Trend separation: EMA50 distance above EMA200 normalized by ATR.,8,Q2,255,0.005970137994309522,0.004353594549006301,0.014497178711206968,-0.0014786140600566002,0.8666666666666667,0.10196078431372549,0.00392156862745098,9.804572472854767
ema_gap_atr,Trend separation: EMA50 distance above EMA200 normalized by ATR.,8,Q3,256,0.004418336889681412,0.0031243198414051543,0.013215977828109491,-0.00233806641840926,0.90234375,0.06640625,0.01171875,5.652524549367245
ema_gap_atr,Trend separation: EMA50 distance above EMA200 normalized by ATR.,8,Q4,255,0.004901077432591253,0.004208388907690042,0.015029910342733495,-0.003814131281812567,0.8823529411764706,0.08235294117647059,0.01568627450980392,3.9405854786390364
ema_gap_atr,Trend separation: EMA50 distance above EMA200 normalized by ATR.,8,Q5,256,0.004937603552135404,0.004041420099603621,0.016169849706628554,-0.003293604286737034,0.90625,0.07421875,0.015625,4.909469474442537
ema_gap_atr,Trend separation: EMA50 distance above EMA200 normalized by ATR.,16,Q1,256,0.00973970754831091,0.006801031181500772,0.02077355960676199,-0.0025163722137280593,0.91015625,0.0703125,0.0078125,8.25536043254329
ema_gap_atr,Trend separation: EMA50 distance above EMA200 normalized by ATR.,16,Q2,255,0.00716001848152755,0.0054430379746834845,0.01765530093195879,-0.003856252331594677,0.8705882352941177,0.11372549019607843,0.00392156862745098,4.57835727898485
ema_gap_atr,Trend separation: EMA50 distance above EMA200 normalized by ATR.,16,Q3,256,0.0052268270694190155,0.0034253097743159877,0.016210286100128393,-0.0046498410563068455,0.9140625,0.0703125,0.01171875,3.4862021956947227
ema_gap_atr,Trend separation: EMA50 distance above EMA200 normalized by ATR.,16,Q4,255,0.004040111859254716,0.0026146350453242206,0.017657374979247742,-0.00729192868738482,0.8901960784313725,0.09019607843137255,0.01568627450980392,2.421495839611727
ema_gap_atr,Trend separation: EMA50 distance above EMA200 normalized by ATR.,16,Q5,256,0.0059553872639748085,0.003487697618095642,0.019531449204271203,-0.006303158767874625,0.90625,0.078125,0.015625,3.0986763817242466
ema_gap_atr,Trend separation: EMA50 distance above EMA200 normalized by ATR.,32,Q1,256,0.01172695663586851,0.008891860623690628,0.02604903854987946,-0.006320986075887253,0.9140625,0.0703125,0.0078125,4.121040330914359
ema_gap_atr,Trend separation: EMA50 distance above EMA200 normalized by ATR.,32,Q2,255,0.008406451024070453,0.0057719274437959545,0.022542842784355022,-0.007329910751636433,0.8745098039215686,0.12156862745098039,0.00392156862745098,3.0754593811830846
ema_gap_atr,Trend separation: EMA50 distance above EMA200 normalized by ATR.,32,Q3,256,0.005270413932002423,0.002651677660969076,0.019576160920528392,-0.008776344164465896,0.9140625,0.0703125,0.01171875,2.2305598497138863
ema_gap_atr,Trend separation: EMA50 distance above EMA200 normalized by ATR.,32,Q4,255,0.003378581582458598,0.0034826483978056544,0.02170022268108939,-0.011645812908302251,0.8941176470588236,0.09019607843137255,0.01568627450980392,1.863349759433229
ema_gap_atr,Trend separation: EMA50 distance above EMA200 normalized by ATR.,32,Q5,256,0.005136945295194026,0.0019128195855011576,0.024296682870763447,-0.012112858950157745,0.90625,0.078125,0.015625,2.005858647470425
ema200_slope_4h,Slow trend slope: 4-hour change in EMA200 showing background trend acceleration.,1,Q1,256,0.005439422372091643,0.0039727553587251,0.009046884740258446,0.00298983530603607,0.8359375,0.0234375,0.00390625,3.0258806302788717
ema200_slope_4h,Slow trend slope: 4-hour change in EMA200 showing background trend acceleration.,1,Q2,255,0.006103920116938426,0.004936985135036487,0.00989812882041997,0.002949094976783408,0.8274509803921568,0.00784313725490196,0.011764705882352941,3.356327584680202
ema200_slope_4h,Slow trend slope: 4-hour change in EMA200 showing background trend acceleration.,1,Q3,256,0.0067539287625889045,0.0051364784122013285,0.010739319560927602,0.0032297247632421876,0.796875,0.01171875,0.015625,3.3251500818747295
ema200_slope_4h,Slow trend slope: 4-hour change in EMA200 showing background trend acceleration.,1,Q4,255,0.005639858645648487,0.004970310580029169,0.009751273411754115,0.0023325908010622147,0.7529411764705882,0.00784313725490196,0.011764705882352941,4.180447512402768
ema200_slope_4h,Slow trend slope: 4-hour change in EMA200 showing background trend acceleration.,1,Q5,256,0.006691779000889971,0.005672465136046245,0.011797180527231176,0.002714782181247726,0.8046875,0.0234375,0.01171875,4.345534831015113
ema200_slope_4h,Slow trend slope: 4-hour change in EMA200 showing background trend acceleration.,4,Q1,256,0.005871613342285325,0.0038633528863767364,0.011691175543526748,0.0005833899520201456,0.8984375,0.078125,0.00390625,20.040070116125396
ema200_slope_4h,Slow trend slope: 4-hour change in EMA200 showing background trend acceleration.,4,Q2,255,0.0065391964214042845,0.004940497655968379,0.012936856662658853,0.0007180022102965291,0.8784313725490196,0.047058823529411764,0.011764705882352941,18.017850749116825
ema200_slope_4h,Slow trend slope: 4-hour change in EMA200 showing background trend acceleration.,4,Q3,256,0.006868889735471182,0.005523568355286224,0.013803113364029031,0.0005464971227067024,0.87109375,0.05078125,0.015625,25.25743099188644
ema200_slope_4h,Slow trend slope: 4-hour change in EMA200 showing background trend acceleration.,4,Q4,255,0.005110899498846387,0.0039033066537310646,0.012304926072507869,-0.00044456299846346877,0.8313725490196079,0.06666666666666667,0.011764705882352941,27.67870046548421
ema200_slope_4h,Slow trend slope: 4-hour change in EMA200 showing background trend acceleration.,4,Q5,256,0.006305593407847861,0.004349356649497094,0.015633598972136495,-0.0013852193103117126,0.87890625,0.05859375,0.01171875,11.286009988280126
ema200_slope_4h,Slow trend slope: 4-hour change in EMA200 showing background trend acceleration.,8,Q1,256,0.007066573700943695,0.004658916455979822,0.014029967262065932,-0.0006583135991995483,0.90625,0.08203125,0.00390625,21.31198152237041
ema200_slope_4h,Slow trend slope: 4-hour change in EMA200 showing background trend acceleration.,8,Q2,255,0.006038719251781556,0.003920228569258999,0.014693917666151576,-0.0012089776981392697,0.8941176470588236,0.06666666666666667,0.011764705882352941,12.15400225228877
ema200_slope_4h,Slow trend slope: 4-hour change in EMA200 showing background trend acceleration.,8,Q3,256,0.006191878489362061,0.004640983991283876,0.015559939014841657,-0.0013544974020049763,0.89453125,0.0546875,0.015625,11.487610822884761
ema200_slope_4h,Slow trend slope: 4-hour change in EMA200 showing background trend acceleration.,8,Q4,255,0.0043712359435057035,0.0036329520729783127,0.013905938223019405,-0.003120759630423387,0.8588235294117647,0.10588235294117647,0.011764705882352941,4.455946586675378
ema200_slope_4h,Slow trend slope: 4-hour change in EMA200 showing background trend acceleration.,8,Q5,256,0.005452539502064722,0.0046397006195909585,0.01796863888945415,-0.004519644662217317,0.8984375,0.07421875,0.01171875,3.975675132088552
ema200_slope_4h,Slow trend slope: 4-hour change in EMA200 showing background trend acceleration.,16,Q1,256,0.008300124767051421,0.005335817691542122,0.017497156083031467,-0.002491170819454016,0.91015625,0.08203125,0.00390625,7.023667725389573
ema200_slope_4h,Slow trend slope: 4-hour change in EMA200 showing background trend acceleration.,16,Q2,255,0.005962081408324415,0.004172410848268138,0.0173042057470779,-0.004051056069654251,0.9098039215686274,0.07058823529411765,0.011764705882352941,4.271529559094643
ema200_slope_4h,Slow trend slope: 4-hour change in EMA200 showing background trend acceleration.,16,Q3,256,0.007003419629822007,0.004893619633883017,0.018639474266896244,-0.004049905050204767,0.90234375,0.0703125,0.015625,4.602447226745184
ema200_slope_4h,Slow trend slope: 4-hour change in EMA200 showing background trend acceleration.,16,Q4,255,0.004831627671991078,0.0028332158042536637,0.017009747171170538,-0.0065158143799174005,0.8627450980392157,0.12156862745098039,0.011764705882352941,2.6105328021001983
ema200_slope_4h,Slow trend slope: 4-hour change in EMA200 showing background trend acceleration.,16,Q5,256,0.006023211162249379,0.0036466479889717407,0.02137348629250073,-0.007507335993246841,0.90625,0.078125,0.01171875,2.8470134161741347
ema200_slope_4h,Slow trend slope: 4-hour change in EMA200 showing background trend acceleration.,32,Q1,256,0.009980385218055736,0.006462881194747139,0.022344211994715,-0.005751223124687241,0.9140625,0.08203125,0.00390625,3.8851234790043216
ema200_slope_4h,Slow trend slope: 4-hour change in EMA200 showing background trend acceleration.,32,Q2,255,0.006720458488562259,0.004897833226794823,0.021692057620843457,-0.008217328313321238,0.9137254901960784,0.07450980392156863,0.011764705882352941,2.6397944433689142
ema200_slope_4h,Slow trend slope: 4-hour change in EMA200 showing background trend acceleration.,32,Q3,256,0.007471381914522119,0.005224544757205352,0.02261402194573968,-0.007420643361833183,0.90234375,0.07421875,0.015625,3.047447619171547
ema200_slope_4h,Slow trend slope: 4-hour change in EMA200 showing background trend acceleration.,32,Q4,255,0.004522260197546084,0.0008646188850967018,0.021272825263736063,-0.010760336469083188,0.8666666666666667,0.12156862745098039,0.011764705882352941,1.9769665497782125
ema200_slope_4h,Slow trend slope: 4-hour change in EMA200 showing background trend acceleration.,32,Q5,256,0.005222744237156171,0.003445554378312843,0.026236838080875017,-0.014036389164034357,0.90625,0.078125,0.01171875,1.8692013860731396
ret_4h,Short momentum: 4-hour price return before the signal.,1,Q1,256,0.003672314216558514,0.003181488315065484,0.006785304024755619,0.0014082383906499408,0.81640625,0.01171875,0.01953125,4.818292179652917
ret_4h,Short momentum: 4-hour price return before the signal.,1,Q2,255,0.005408501679270909,0.004544277691971077,0.008996940349927388,0.0024863110913481046,0.8392156862745098,0.01568627450980392,0.011764705882352941,3.618589958929536
ret_4h,Short momentum: 4-hour price return before the signal.,1,Q3,256,0.00569483270958108,0.005574228975947393,0.009803239144781359,0.0028152569977303575,0.82421875,0.01171875,0.01171875,3.482182675572663
ret_4h,Short momentum: 4-hour price return before the signal.,1,Q4,255,0.006201633095874237,0.0051410369514470755,0.010332557268849988,0.002736192337573913,0.7686274509803922,0.023529411764705882,0.00392156862745098,3.7762540034051515
ret_4h,Short momentum: 4-hour price return before the signal.,1,Q5,256,0.009651105150046746,0.0069460775689391685,0.015313496644880879,0.004769798030018807,0.76953125,0.01171875,0.0078125,3.210512593720975
ret_4h,Short momentum: 4-hour price return before the signal.,4,Q1,256,0.003638299396211186,0.0027473829127359073,0.008788157582877171,-0.000776433249318286,0.8671875,0.08203125,0.01953125,11.318626025602635
ret_4h,Short momentum: 4-hour price return before the signal.,4,Q2,255,0.005577471186574466,0.004330337055844513,0.011787391165419759,0.00013030450654444151,0.8862745098039215,0.058823529411764705,0.011764705882352941,90.46034920825677
ret_4h,Short momentum: 4-hour price return before the signal.,4,Q3,256,0.0052380175535320875,0.004468653840249193,0.012172930144852288,-0.0001557760559304255,0.875,0.0625,0.01171875,78.1437819319877
ret_4h,Short momentum: 4-hour price return before the signal.,4,Q4,255,0.005606363092588805,0.004636206245977048,0.013464080785413208,-0.0005778633229043467,0.8784313725490196,0.058823529411764705,0.00392156862745098,23.299767006742368
ret_4h,Short momentum: 4-hour price return before the signal.,4,Q5,256,0.010634219842412997,0.00690357923933127,0.020157148784795267,0.0013950586993091837,0.8515625,0.0390625,0.0078125,14.448961032805892
ret_4h,Short momentum: 4-hour price return before the signal.,8,Q1,256,0.0033117589496169356,0.0024832246902742883,0.010255290450591396,-0.002385240536063939,0.8828125,0.08984375,0.01953125,4.299478520314938
ret_4h,Short momentum: 4-hour price return before the signal.,8,Q2,255,0.005069260015266903,0.004289843104871904,0.013459994648267488,-0.0019966962021376517,0.9019607843137255,0.07450980392156863,0.011764705882352941,6.741132994522298
ret_4h,Short momentum: 4-hour price return before the signal.,8,Q3,256,0.005077283638015826,0.0038680683141529837,0.014363148088597599,-0.0024611270743288304,0.88671875,0.08203125,0.01171875,5.836004259355258
ret_4h,Short momentum: 4-hour price return before the signal.,8,Q4,255,0.005128081177873381,0.0042409203699527165,0.015560870141077956,-0.003010933032748775,0.8980392156862745,0.07058823529411765,0.00392156862745098,5.16812229691869
ret_4h,Short momentum: 4-hour price return before the signal.,8,Q5,256,0.010533732583438805,0.007945611004922193,0.022520742293014595,-0.0010108441619643793,0.8828125,0.06640625,0.0078125,22.279143650837245
ret_4h,Short momentum: 4-hour price return before the signal.,16,Q1,256,0.0035156417405014418,0.0026468818158915663,0.0128933553905554,-0.004929174670813757,0.890625,0.08984375,0.01953125,2.615722966138434
ret_4h,Short momentum: 4-hour price return before the signal.,16,Q2,255,0.004832195306740269,0.0028332158042536637,0.01580465362567095,-0.00477737103302093,0.9058823529411765,0.0784313725490196,0.011764705882352941,3.308232397364584
ret_4h,Short momentum: 4-hour price return before the signal.,16,Q3,256,0.006337240314696883,0.004379103437483489,0.01817916419112022,-0.005146832011969949,0.890625,0.08984375,0.01171875,3.532107546708553
ret_4h,Short momentum: 4-hour price return before the signal.,16,Q4,255,0.00563469286499522,0.003542157035628657,0.018924938067647595,-0.006318113205559847,0.9098039215686274,0.08627450980392157,0.00392156862745098,2.9953464668841208
ret_4h,Short momentum: 4-hour price return before the signal.,16,Q5,256,0.011799417768330349,0.009676553772572705,0.02602358187464783,-0.0034458562887261105,0.89453125,0.078125,0.0078125,7.552137899595465
ret_4h,Short momentum: 4-hour price return before the signal.,32,Q1,256,0.0035199901145170844,0.002989808803627758,0.01603571312538595,-0.008162035398747694,0.890625,0.08984375,0.01953125,1.9646708623496438
ret_4h,Short momentum: 4-hour price return before the signal.,32,Q2,255,0.005976949517538041,0.0032500074133381407,0.02022203258353891,-0.008626206219896357,0.9098039215686274,0.0784313725490196,0.011764705882352941,2.344255640086225
ret_4h,Short momentum: 4-hour price return before the signal.,32,Q3,256,0.007326666713219444,0.0037515787515389754,0.02303470095186386,-0.009625278656496605,0.89453125,0.09375,0.01171875,2.3931463985529953
ret_4h,Short momentum: 4-hour price return before the signal.,32,Q4,255,0.004832580211438187,0.0021393857201155164,0.023158587518883823,-0.012061162893233238,0.9098039215686274,0.08627450980392157,0.00392156862745098,1.9200957423331588
ret_4h,Short momentum: 4-hour price return before the signal.,32,Q5,256,0.012259351354765816,0.009527446171998522,0.03171054469974388,-0.007717915797127211,0.8984375,0.08203125,0.0078125,4.108692752458803
ret_12h,Intraday momentum: 12-hour price return before the signal.,1,Q1,256,0.004596659768480019,0.0038110465710577968,0.007424807726016906,0.002042273180380254,0.828125,0.015625,0.0078125,3.635560510388953
ret_12h,Intraday momentum: 12-hour price return before the signal.,1,Q2,255,0.004924792115533171,0.0044557292452132025,0.00894328868979567,0.002245922814838361,0.8274509803921568,0.027450980392156862,0.00784313725490196,3.98201070433461
ret_12h,Intraday momentum: 12-hour price return before the signal.,1,Q3,256,0.005960769453111714,0.004999523786886062,0.00961206981338497,0.002845157639279835,0.78515625,0.01953125,0.01171875,3.3783962198375668
ret_12h,Intraday momentum: 12-hour price return before the signal.,1,Q4,255,0.006167770017740616,0.005361018706895093,0.010680263440863706,0.0027552807037647866,0.7803921568627451,0.00392156862745098,0.0196078431372549,3.876288694023192
ret_12h,Intraday momentum: 12-hour price return before the signal.,1,Q5,256,0.00897637372833366,0.006563280176408726,0.014572256413571016,0.004326298056283203,0.796875,0.0078125,0.0078125,3.368296918980726
ret_12h,Intraday momentum: 12-hour price return before the signal.,4,Q1,256,0.00408802671399326,0.0035266389811772214,0.00943800566612523,-0.0004292884122927684,0.87890625,0.078125,0.0078125,21.98523276162565
ret_12h,Intraday momentum: 12-hour price return before the signal.,4,Q2,255,0.004979582339361397,0.004091465279902229,0.011336187195756822,-0.0003738354008744547,0.8823529411764706,0.07450980392156863,0.00784313725490196,30.324006686471776
ret_12h,Intraday momentum: 12-hour price return before the signal.,4,Q3,256,0.005754529797743272,0.0041307413950125715,0.01248524809542935,7.115746643616321e-05,0.859375,0.046875,0.01171875,175.45942429850444
ret_12h,Intraday momentum: 12-hour price return before the signal.,4,Q4,255,0.005867253859907136,0.004818558474624313,0.013628491654043357,5.707396870527402e-05,0.8509803921568627,0.06274509803921569,0.0196078431372549,238.78647241827414
ret_12h,Intraday momentum: 12-hour price return before the signal.,4,Q5,256,0.010003661961564887,0.0061932541870425295,0.019480655566452024,0.0006906938830083479,0.88671875,0.0390625,0.0078125,28.204470961293538
ret_12h,Intraday momentum: 12-hour price return before the signal.,8,Q1,256,0.004260209003384817,0.002979544737859996,0.011357052210152596,-0.0020876511609171492,0.90234375,0.08203125,0.0078125,5.440110121253785
ret_12h,Intraday momentum: 12-hour price return before the signal.,8,Q2,255,0.005197967736647192,0.004384623228306461,0.013543862177910199,-0.00255966867652709,0.8901960784313725,0.08235294117647059,0.00784313725490196,5.291255974693668
ret_12h,Intraday momentum: 12-hour price return before the signal.,8,Q3,256,0.005438857360229374,0.0033576567678139657,0.014185212826925739,-0.0018137046254654231,0.8828125,0.07421875,0.01171875,7.821126233983996
ret_12h,Intraday momentum: 12-hour price return before the signal.,8,Q4,255,0.0047721178263861646,0.004460624598266794,0.01507917656979422,-0.0027141483121160526,0.8784313725490196,0.08235294117647059,0.0196078431372549,5.555767347893353
ret_12h,Intraday momentum: 12-hour price return before the signal.,8,Q5,256,0.009450076720259198,0.006664714356526602,0.02199318782879112,-0.0016907080281309728,0.8984375,0.0625,0.0078125,13.008270773460472
ret_12h,Intraday momentum: 12-hour price return before the signal.,16,Q1,256,0.005833900376003334,0.0037416564003438513,0.014923110942988106,-0.004200347213150033,0.91015625,0.08203125,0.0078125,3.552827941525477
ret_12h,Intraday momentum: 12-hour price return before the signal.,16,Q2,255,0.005003208702118208,0.003514118475393957,0.016465584783532803,-0.00539293460726294,0.8941176470588236,0.09019607843137255,0.00784313725490196,3.0531771628303748
ret_12h,Intraday momentum: 12-hour price return before the signal.,16,Q3,256,0.005429088908771727,0.0033554844650443005,0.016681194198860348,-0.00447580138519443,0.8984375,0.08203125,0.01171875,3.726973733472696
ret_12h,Intraday momentum: 12-hour price return before the signal.,16,Q4,255,0.005389740898701962,0.004549481413279377,0.018075649550302376,-0.005783115286460095,0.8823529411764706,0.09019607843137255,0.0196078431372549,3.125590387696848
ret_12h,Intraday momentum: 12-hour price return before the signal.,16,Q5,256,0.010462960287126294,0.007366923990279495,0.025679417903022875,-0.004765463427613493,0.90625,0.078125,0.0078125,5.388650714267033
ret_12h,Intraday momentum: 12-hour price return before the signal.,32,Q1,256,0.006795456584426086,0.0036461103994070987,0.01914561705016056,-0.007137667654000221,0.91015625,0.08203125,0.0078125,2.6823351798161443
ret_12h,Intraday momentum: 12-hour price return before the signal.,32,Q2,255,0.004779956234520772,0.003523112700975828,0.019823867772778583,-0.009194655400107504,0.8980392156862745,0.09411764705882353,0.00784313725490196,2.156020743588368
ret_12h,Intraday momentum: 12-hour price return before the signal.,32,Q3,256,0.005169504368283821,0.0033258550699565292,0.021401219168339817,-0.009824478460751847,0.90234375,0.0859375,0.01171875,2.1783567701671185
ret_12h,Intraday momentum: 12-hour price return before the signal.,32,Q4,255,0.0061264678493191125,0.0046662170285765026,0.0230547408253876,-0.011031441668117783,0.8862745098039215,0.09019607843137255,0.0196078431372549,2.0899118645587933
ret_12h,Intraday momentum: 12-hour price return before the signal.,32,Q5,256,0.011044531368502464,0.007666365228241712,0.03073417308031136,-0.009002553938598341,0.90625,0.078125,0.0078125,3.4139393432055942
ret_24h,Daily momentum: 24-hour price return before the signal.,1,Q1,255,0.004068753905240109,0.0031268129864454597,0.0075490097110535595,0.0017163119942738404,0.8235294117647058,0.023529411764705882,0.011764705882352941,4.398390115689597
ret_24h,Daily momentum: 24-hour price return before the signal.,1,Q2,254,0.005930142636327459,0.0050614593923939966,0.00940636823141848,0.002982024906981502,0.8267716535433071,0.007874015748031496,0.003937007874015748,3.1543560247925284
ret_24h,Daily momentum: 24-hour price return before the signal.,1,Q3,254,0.005945208272151476,0.0048025696229639925,0.00969264586056785,0.0026299589070942933,0.7834645669291339,0.007874015748031496,0.015748031496062992,3.685474261374204
ret_24h,Daily momentum: 24-hour price return before the signal.,1,Q4,254,0.00607094497650208,0.004869112263656716,0.010348659139150276,0.002689988827208522,0.7716535433070866,0.015748031496062992,0.015748031496062992,3.847101160598267
ret_24h,Daily momentum: 24-hour price return before the signal.,1,Q5,255,0.008672743445943872,0.006754765736564083,0.014357502476862086,0.004239295435351744,0.8117647058823529,0.0196078431372549,0.00784313725490196,3.3867661963669704
ret_24h,Daily momentum: 24-hour price return before the signal.,4,Q1,255,0.003946816737407667,0.0032545743426783957,0.009816579627139131,-0.0008128219253830856,0.8784313725490196,0.07450980392156863,0.011764705882352941,12.077158994588569
ret_24h,Daily momentum: 24-hour price return before the signal.,4,Q2,254,0.005848509363459649,0.004827745094070246,0.012159300623849154,0.0006817439697835966,0.8700787401574803,0.06299212598425197,0.003937007874015748,17.835582216750424
ret_24h,Daily momentum: 24-hour price return before the signal.,4,Q3,254,0.0055150677912360925,0.004427776231123781,0.01210528700323725,-0.0001650728581566819,0.8779527559055118,0.03937007874015748,0.015748031496062992,73.332994523832
ret_24h,Daily momentum: 24-hour price return before the signal.,4,Q4,254,0.006603108157235986,0.004817843702281777,0.013804789984905553,-0.00013111013692193607,0.8582677165354331,0.05905511811023622,0.015748031496062992,105.29155341455424
ret_24h,Daily momentum: 24-hour price return before the signal.,4,Q5,255,0.008795426780075603,0.005629019753436992,0.018594598066974704,0.000435033032175558,0.8745098039215686,0.06666666666666667,0.00784313725490196,42.74295672212504
ret_24h,Daily momentum: 24-hour price return before the signal.,8,Q1,255,0.004377382093940703,0.0030521999205550543,0.012072152096496293,-0.002462987151742136,0.8901960784313725,0.08235294117647059,0.011764705882352941,4.901427150343574
ret_24h,Daily momentum: 24-hour price return before the signal.,8,Q2,254,0.006311996054754715,0.004858665767146553,0.014131993599722678,-0.0010977534100855958,0.8976377952755905,0.07480314960629922,0.003937007874015748,12.873559280149042
ret_24h,Daily momentum: 24-hour price return before the signal.,8,Q3,254,0.004932279914400276,0.0037923515516334882,0.013654669124384787,-0.0022817828390443214,0.8976377952755905,0.051181102362204724,0.015748031496062992,5.984210631588311
ret_24h,Daily momentum: 24-hour price return before the signal.,8,Q4,254,0.005458488095689321,0.004210196667264743,0.015500747907100038,-0.0026474694858912213,0.8779527559055118,0.09448818897637795,0.015748031496062992,5.8549297696181
ret_24h,Daily momentum: 24-hour price return before the signal.,8,Q5,255,0.008070076754163795,0.005791535527065683,0.020916528791858145,-0.0024195537362354325,0.8901960784313725,0.0784313725490196,0.00784313725490196,8.64478787084185
ret_24h,Daily momentum: 24-hour price return before the signal.,16,Q1,255,0.004624393524908585,0.0032432124381860383,0.014678863942118491,-0.004746780340973582,0.9019607843137255,0.08627450980392157,0.011764705882352941,3.0923832340444477
ret_24h,Daily momentum: 24-hour price return before the signal.,16,Q2,254,0.00694120043100349,0.005751920531218091,0.017644512618989132,-0.003421392625949227,0.905511811023622,0.07480314960629922,0.003937007874015748,5.15711423622241
ret_24h,Daily momentum: 24-hour price return before the signal.,16,Q3,254,0.005339089732406998,0.0031520562355676907,0.016604597154511225,-0.005146487374522795,0.905511811023622,0.07086614173228346,0.015748031496062992,3.226394227004371
ret_24h,Daily momentum: 24-hour price return before the signal.,16,Q4,254,0.0054446387761459625,0.0038587546111076287,0.018264079767538324,-0.00589352032435332,0.8818897637795275,0.10236220472440945,0.015748031496062992,3.0990102285839476
ret_24h,Daily momentum: 24-hour price return before the signal.,16,Q5,255,0.009695339313885346,0.004896570545856349,0.02477352572356596,-0.005472970641217055,0.8980392156862745,0.08627450980392157,0.00784313725490196,4.526522678012563
ret_24h,Daily momentum: 24-hour price return before the signal.,32,Q1,255,0.004403510307101028,0.0028465983150134377,0.01885700134830664,-0.009169658437346337,0.9019607843137255,0.08627450980392157,0.011764705882352941,2.0564562439431255
ret_24h,Daily momentum: 24-hour price return before the signal.,32,Q2,254,0.0070818113251299285,0.005508405299806007,0.021538907694937527,-0.0075781327752960665,0.9133858267716536,0.07874015748031496,0.003937007874015748,2.8422446971570823
ret_24h,Daily momentum: 24-hour price return before the signal.,32,Q3,254,0.00648241874891554,0.004556471367166082,0.02101800786225827,-0.008704400093854104,0.9094488188976378,0.07480314960629922,0.015748031496062992,2.414641748498947
ret_24h,Daily momentum: 24-hour price return before the signal.,32,Q4,254,0.006196187487984605,0.0037030882324239345,0.022471059990363137,-0.009806415076708276,0.8818897637795275,0.10236220472440945,0.015748031496062992,2.291465312715073
ret_24h,Daily momentum: 24-hour price return before the signal.,32,Q5,255,0.009434819674726085,0.006365707155707723,0.030168524071089504,-0.011090388500797762,0.8980392156862745,0.08627450980392157,0.00784313725490196,2.7202405099622435
breakout_distance_atr,Breakout extension: close distance beyond Donchian55 upper normalized by ATR.,1,Q1,256,0.0032862152526051333,0.002590901136784729,0.00701726052495481,0.0005403367019080479,0.62109375,0.0234375,0.015625,12.98682932359641
breakout_distance_atr,Breakout extension: close distance beyond Donchian55 upper normalized by ATR.,1,Q2,255,0.004324252336611475,0.0036244901073676505,0.008162027457541413,0.0010729848863380838,0.6705882352941176,0.03137254901960784,0.00784313725490196,7.606842893563053
breakout_distance_atr,Breakout extension: close distance beyond Donchian55 upper normalized by ATR.,1,Q3,256,0.004895751696684577,0.004182870557552842,0.008798513634247216,0.0017855210850439827,0.82421875,0.00390625,0.015625,4.927700774830381
breakout_distance_atr,Breakout extension: close distance beyond Donchian55 upper normalized by ATR.,1,Q4,255,0.0063892277420863185,0.00559196437951015,0.010462537008728089,0.0031971342151248233,0.9215686274509803,0.011764705882352941,0.011764705882352941,3.272473504312864
breakout_distance_atr,Breakout extension: close distance beyond Donchian55 upper normalized by ATR.,1,Q5,256,0.011729437265935987,0.009349515850455847,0.01678844516259672,0.0076160997076270475,0.98046875,0.00390625,0.00390625,2.204336314791696
breakout_distance_atr,Breakout extension: close distance beyond Donchian55 upper normalized by ATR.,4,Q1,256,0.0034322912223629103,0.002308432480721878,0.00993242791572108,-0.002117208832031405,0.75,0.11328125,0.015625,4.691283998749987
breakout_distance_atr,Breakout extension: close distance beyond Donchian55 upper normalized by ATR.,4,Q2,255,0.003711078836688084,0.002936140967299661,0.010877584858552202,-0.0019209922895219306,0.792156862745098,0.10980392156862745,0.00784313725490196,5.662482310774533
breakout_distance_atr,Breakout extension: close distance beyond Donchian55 upper normalized by ATR.,4,Q3,256,0.004786133369090931,0.003848458577336289,0.011406952863144717,-0.000757888152391608,0.875,0.05078125,0.015625,15.050971343395055
breakout_distance_atr,Breakout extension: close distance beyond Donchian55 upper normalized by ATR.,4,Q4,255,0.0065223134561440705,0.005247866868572482,0.013537336672593998,0.0005710855681971723,0.9490196078431372,0.023529411764705882,0.011764705882352941,23.704567978016414
breakout_distance_atr,Breakout extension: close distance beyond Donchian55 upper normalized by ATR.,4,Q5,256,0.01223884152302444,0.008980478745133302,0.020612138378268793,0.004236769486944569,0.9921875,0.00390625,0.00390625,4.865060145892819
breakout_distance_atr,Breakout extension: close distance beyond Donchian55 upper normalized by ATR.,8,Q1,256,0.0027569028698046006,0.0013747634995684432,0.011580638582938202,-0.004397340001737441,0.78515625,0.15234375,0.015625,2.6335554172209914
breakout_distance_atr,Breakout extension: close distance beyond Donchian55 upper normalized by ATR.,8,Q2,255,0.003155224928766441,0.002615067166378937,0.012878911001460507,-0.004324834477294425,0.8274509803921568,0.12941176470588237,0.00784313725490196,2.9778968580359244
breakout_distance_atr,Breakout extension: close distance beyond Donchian55 upper normalized by ATR.,8,Q3,256,0.004481769842795358,0.0038553829769478742,0.012966402032860503,-0.002881058483375126,0.89453125,0.0625,0.015625,4.500568838738225
breakout_distance_atr,Breakout extension: close distance beyond Donchian55 upper normalized by ATR.,8,Q4,255,0.006533285833564306,0.004714094557124016,0.01572298741613075,-0.0014373648029424283,0.9529411764705882,0.03529411764705882,0.011764705882352941,10.938759168127836
breakout_distance_atr,Breakout extension: close distance beyond Donchian55 upper normalized by ATR.,8,Q5,256,0.012190945270410798,0.009591451496243852,0.023009470000769406,0.0021728092188661955,0.9921875,0.00390625,0.00390625,10.589733236117294
breakout_distance_atr,Breakout extension: close distance beyond Donchian55 upper normalized by ATR.,16,Q1,256,0.0037465268034594817,0.002962142735508877,0.015137104356134749,-0.007147873135256508,0.8125,0.1640625,0.015625,2.1177074732163024
breakout_distance_atr,Breakout extension: close distance beyond Donchian55 upper normalized by ATR.,16,Q2,255,0.003765044339996324,0.0017331217153038203,0.016029172325663355,-0.0073093568264779325,0.8313725490196079,0.1450980392156863,0.00784313725490196,2.192966181045936
breakout_distance_atr,Breakout extension: close distance beyond Donchian55 upper normalized by ATR.,16,Q3,256,0.004602327809994491,0.002094816604815586,0.016106457105480355,-0.005681075606473617,0.90234375,0.07421875,0.015625,2.835106979940024
breakout_distance_atr,Breakout extension: close distance beyond Donchian55 upper normalized by ATR.,16,Q4,255,0.006802522101488301,0.005280146327030222,0.018666401507308795,-0.004265645608309268,0.9529411764705882,0.03529411764705882,0.011764705882352941,4.375985072681041
breakout_distance_atr,Breakout extension: close distance beyond Donchian55 upper normalized by ATR.,16,Q5,256,0.01320316021481677,0.00969834599380226,0.025886424972787765,-0.00021526915152719848,0.9921875,0.00390625,0.00390625,120.25143774265821
breakout_distance_atr,Breakout extension: close distance beyond Donchian55 upper normalized by ATR.,32,Q1,256,0.003890221967844729,0.0018876791237174562,0.01917333477947493,-0.011296405597226907,0.8125,0.16796875,0.015625,1.6972951807061254
breakout_distance_atr,Breakout extension: close distance beyond Donchian55 upper normalized by ATR.,32,Q2,255,0.0034198096456861103,0.0019755087568225083,0.02036195084148299,-0.012019292597326814,0.8352941176470589,0.14901960784313725,0.00784313725490196,1.6941055953668729
breakout_distance_atr,Breakout extension: close distance beyond Donchian55 upper normalized by ATR.,32,Q3,256,0.005655853301114998,0.002845070187810106,0.020909588973132033,-0.01044233483262008,0.91015625,0.07421875,0.015625,2.0023863731906038
breakout_distance_atr,Breakout extension: close distance beyond Donchian55 upper normalized by ATR.,32,Q4,255,0.006722914889052417,0.0049375522314822895,0.023127650077461804,-0.00873427349619834,0.9529411764705882,0.03529411764705882,0.011764705882352941,2.6479191529242003
breakout_distance_atr,Breakout extension: close distance beyond Donchian55 upper normalized by ATR.,32,Q5,256,0.014224133399990325,0.011445359453252646,0.0305894799141792,-0.0037005510240836334,0.9921875,0.00390625,0.00390625,8.266195957061305
atr_pct,Absolute volatility: ATR as a percentage of close.,1,Q1,256,0.0035439844434551515,0.0030233122224674336,0.006245214257133721,0.001557857362667515,0.84765625,0.02734375,0.0078125,4.0088485677790535
atr_pct,Absolute volatility: ATR as a percentage of close.,1,Q2,255,0.0055514686424097985,0.00463443080511694,0.009216025863218739,0.0027433454027561577,0.8470588235294118,0.0,0.0196078431372549,3.359411415696934
atr_pct,Absolute volatility: ATR as a percentage of close.,1,Q3,256,0.005410309529549569,0.004921349791026652,0.008946833910799042,0.00242722880183466,0.78515625,0.015625,0.01171875,3.6860282409455727
atr_pct,Absolute volatility: ATR as a percentage of close.,1,Q4,255,0.006683369058307006,0.005894085686998896,0.0111238464179598,0.0029465587773754125,0.7843137254901961,0.0196078431372549,0.00784313725490196,3.77519922676314
atr_pct,Absolute volatility: ATR as a percentage of close.,1,Q5,256,0.009441695423412977,0.007369121717940019,0.01570356376010893,0.00454263228687179,0.75390625,0.01171875,0.0078125,3.4569304245673242
atr_pct,Absolute volatility: ATR as a percentage of close.,4,Q1,256,0.0029377824930661195,0.00219984036966836,0.007975793143817338,-0.0006558960353056412,0.88671875,0.078125,0.0078125,12.160148429774692
atr_pct,Absolute volatility: ATR as a percentage of close.,4,Q2,255,0.005732980513491897,0.004174606955693161,0.01147358725359419,0.00047989635779018805,0.8941176470588236,0.050980392156862744,0.0196078431372549,23.908469125349086
atr_pct,Absolute volatility: ATR as a percentage of close.,4,Q3,256,0.005538984464450599,0.005087758418889976,0.01189803545926902,-3.0104159335609792e-05,0.85546875,0.0546875,0.01171875,395.2289557939922
atr_pct,Absolute volatility: ATR as a percentage of close.,4,Q4,255,0.006614460645721406,0.005124818906639739,0.01469022001530058,-0.00018063071933630917,0.8862745098039215,0.06666666666666667,0.00784313725490196,81.32736263951561
atr_pct,Absolute volatility: ATR as a percentage of close.,4,Q5,256,0.009874708293964715,0.007128600145905328,0.020335636401212744,0.00040494241691455555,0.8359375,0.05078125,0.0078125,50.21858800606616
atr_pct,Absolute volatility: ATR as a percentage of close.,8,Q1,256,0.003216261930064916,0.00249324436622278,0.009311870486936165,-0.0019503582937417997,0.90234375,0.0859375,0.0078125,4.774440940834088
atr_pct,Absolute volatility: ATR as a percentage of close.,8,Q2,255,0.005920811013420272,0.004474663167833848,0.013875869809860684,-0.0013211303124381183,0.9019607843137255,0.054901960784313725,0.0196078431372549,10.503028867949489
atr_pct,Absolute volatility: ATR as a percentage of close.,8,Q3,256,0.004860158359608818,0.0036891423913641974,0.013563023206841184,-0.0020703052133411335,0.87890625,0.08984375,0.01171875,6.55121917263237
atr_pct,Absolute volatility: ATR as a percentage of close.,8,Q4,255,0.006096264709982218,0.0058112773302645415,0.016624931856572763,-0.0028622870654396496,0.8980392156862745,0.07058823529411765,0.00784313725490196,5.808268519712281
atr_pct,Absolute volatility: ATR as a percentage of close.,8,Q5,256,0.009033728689144465,0.006249668461145608,0.02279013126476436,-0.0026575405447164346,0.87109375,0.08203125,0.0078125,8.575647626552437
atr_pct,Absolute volatility: ATR as a percentage of close.,16,Q1,256,0.0030975141213337295,0.00230749972307831,0.011497803858793525,-0.004206098817996896,0.90625,0.0859375,0.0078125,2.733602883887834
atr_pct,Absolute volatility: ATR as a percentage of close.,16,Q2,255,0.006290549360767642,0.005703258893624996,0.016767214577569987,-0.0042931295729465415,0.9137254901960784,0.06274509803921569,0.0196078431372549,3.905592480420291
atr_pct,Absolute volatility: ATR as a percentage of close.,16,Q3,256,0.0061399121313839115,0.0033710296460164324,0.017434496111822278,-0.0044679355934082055,0.88671875,0.09765625,0.01171875,3.902136847618028
atr_pct,Absolute volatility: ATR as a percentage of close.,16,Q4,255,0.0055821999450454424,0.004033974750774716,0.01930134846534783,-0.0060176552959581246,0.9058823529411765,0.08627450980392157,0.00784313725490196,3.2074533212814558
atr_pct,Absolute volatility: ATR as a percentage of close.,16,Q5,256,0.011014504081788428,0.008489200495575333,0.026830060492942745,-0.005629462697868027,0.87890625,0.08984375,0.0078125,4.7660073319437295
atr_pct,Absolute volatility: ATR as a percentage of close.,32,Q1,256,0.003196364769894076,0.002799118649989385,0.01511672456036487,-0.008085196967220156,0.90625,0.0859375,0.0078125,1.8696791954052157
atr_pct,Absolute volatility: ATR as a percentage of close.,32,Q2,255,0.007208977351470165,0.005091398638784828,0.020622158913738076,-0.007312455939318138,0.9176470588235294,0.06274509803921569,0.0196078431372549,2.8201412883536667
atr_pct,Absolute volatility: ATR as a percentage of close.,32,Q3,256,0.0068959584498510295,0.0033865600571569843,0.022284849241875446,-0.009432952677740681,0.88671875,0.1015625,0.01171875,2.362446839626568
atr_pct,Absolute volatility: ATR as a percentage of close.,32,Q4,255,0.0050920015953488384,0.002290579840498852,0.023558062198403115,-0.011284496716378675,0.9058823529411765,0.08627450980392157,0.00784313725490196,2.0876484605831114
atr_pct,Absolute volatility: ATR as a percentage of close.,32,Q5,256,0.01152806171842166,0.009477936020923616,0.03258290740647912,-0.010069330975556607,0.88671875,0.09375,0.0078125,3.2358562337035526
atr_percentile_200,Local volatility regime: ATR percentile within the previous 200 15m bars.,1,Q1,256,0.00421353393218701,0.003479866599795378,0.0076539924927237785,0.0018330792642677952,0.83203125,0.015625,0.0078125,4.175483647610344
atr_percentile_200,Local volatility regime: ATR percentile within the previous 200 15m bars.,1,Q2,255,0.005220739700752093,0.004326582675292734,0.009115236362335901,0.002177324277489497,0.807843137254902,0.00784313725490196,0.00784313725490196,4.18643950126068
atr_percentile_200,Local volatility regime: ATR percentile within the previous 200 15m bars.,1,Q3,256,0.005848629186403126,0.005023186305424088,0.010057841385090168,0.002482393377086756,0.82421875,0.01953125,0.02734375,4.051671051786995
atr_percentile_200,Local volatility regime: ATR percentile within the previous 200 15m bars.,1,Q4,255,0.007190545246293914,0.0060157427298086485,0.011630263968086946,0.0036010452641303337,0.807843137254902,0.0196078431372549,0.00784313725490196,3.229691135497487
atr_percentile_200,Local volatility regime: ATR percentile within the previous 200 15m bars.,1,Q5,256,0.008158068278554333,0.006302800814995679,0.012779734485550802,0.004124126016349467,0.74609375,0.01171875,0.00390625,3.098774003240323
atr_percentile_200,Local volatility regime: ATR percentile within the previous 200 15m bars.,4,Q1,256,0.0038403750312147665,0.0029216711352347824,0.009695427867911704,-0.0007358900443968199,0.890625,0.06640625,0.0078125,13.175104000569357
atr_percentile_200,Local volatility regime: ATR percentile within the previous 200 15m bars.,4,Q2,255,0.004735995335697947,0.0038417647457038573,0.011659184092872074,-0.0006730882961058023,0.8745098039215686,0.0784313725490196,0.00784313725490196,17.3219236767703
atr_percentile_200,Local volatility regime: ATR percentile within the previous 200 15m bars.,4,Q3,256,0.006216032056337496,0.004410781642217088,0.013010325422769985,-0.00028359892373249537,0.8671875,0.046875,0.02734375,45.87579265654045
atr_percentile_200,Local volatility regime: ATR percentile within the previous 200 15m bars.,4,Q4,255,0.006769411990665464,0.005069069069069121,0.014927612460685039,0.0004625944246697404,0.8627450980392157,0.07058823529411765,0.00784313725490196,32.26933068063303
atr_percentile_200,Local volatility regime: ATR percentile within the previous 200 15m bars.,4,Q5,256,0.009133812802119492,0.006864156046354597,0.017082374730848282,0.001246199452207053,0.86328125,0.0390625,0.00390625,13.70757682535884
atr_percentile_200,Local volatility regime: ATR percentile within the previous 200 15m bars.,8,Q1,256,0.004144005819442858,0.002924315727754201,0.011771594426507027,-0.002523296400133164,0.9140625,0.0703125,0.0078125,4.665165149003421
atr_percentile_200,Local volatility regime: ATR percentile within the previous 200 15m bars.,8,Q2,255,0.00377392825063906,0.002683120117740412,0.01315434243109742,-0.00300538462328655,0.8862745098039215,0.09803921568627451,0.00784313725490196,4.376924780001183
atr_percentile_200,Local volatility regime: ATR percentile within the previous 200 15m bars.,8,Q3,256,0.005152700235874021,0.004161459625593333,0.015144937462026178,-0.0025762883103800827,0.890625,0.05078125,0.02734375,5.87858796742816
atr_percentile_200,Local volatility regime: ATR percentile within the previous 200 15m bars.,8,Q4,255,0.006050302962196806,0.004669462395744173,0.01661119892126682,-0.002495569604153041,0.8784313725490196,0.09411764705882353,0.00784313725490196,6.656275542714992
atr_percentile_200,Local volatility regime: ATR percentile within the previous 200 15m bars.,8,Q5,256,0.009997721635198542,0.008790401018046956,0.01948088127347588,-0.00026622912004289944,0.8828125,0.0703125,0.00390625,73.17336762536263
atr_percentile_200,Local volatility regime: ATR percentile within the previous 200 15m bars.,16,Q1,256,0.0027801761299570036,0.0018863610926999064,0.01415762916817185,-0.005799186071616145,0.921875,0.0703125,0.0078125,2.441313141764105
atr_percentile_200,Local volatility regime: ATR percentile within the previous 200 15m bars.,16,Q2,255,0.0046121403058050885,0.0026706777996070574,0.016207324942883242,-0.005608414711440305,0.8901960784313725,0.10196078431372549,0.00784313725490196,2.889822842419764
atr_percentile_200,Local volatility regime: ATR percentile within the previous 200 15m bars.,16,Q3,256,0.005934396721989351,0.004540601733829974,0.01862751955145909,-0.005810030132631137,0.89453125,0.07421875,0.02734375,3.2060968921383903
atr_percentile_200,Local volatility regime: ATR percentile within the previous 200 15m bars.,16,Q4,255,0.006668969100905396,0.004241162623295214,0.019354516889856264,-0.005327742003365012,0.8823529411764706,0.09803921568627451,0.00784313725490196,3.632780430740061
atr_percentile_200,Local volatility regime: ATR percentile within the previous 200 15m bars.,16,Q5,256,0.012126686288306442,0.009889649276268564,0.02348195357437866,-0.0020713519178982465,0.90234375,0.078125,0.00390625,11.336535028873925
atr_percentile_200,Local volatility regime: ATR percentile within the previous 200 15m bars.,32,Q1,256,0.002377545145690073,0.00035840763403716114,0.01734125697525469,-0.010080579262682184,0.921875,0.0703125,0.0078125,1.7202639375547775
atr_percentile_200,Local volatility regime: ATR percentile within the previous 200 15m bars.,32,Q2,255,0.00537211232551825,0.0031357131624467627,0.02164435451973901,-0.01068642053267933,0.8901960784313725,0.10196078431372549,0.00784313725490196,2.025407333872933
atr_percentile_200,Local volatility regime: ATR percentile within the previous 200 15m bars.,32,Q3,256,0.005583490913417398,0.00430914948731953,0.022825611510854053,-0.010805013407772908,0.8984375,0.07421875,0.02734375,2.112501914568081
atr_percentile_200,Local volatility regime: ATR percentile within the previous 200 15m bars.,32,Q4,255,0.006820233991269089,0.004649196956889368,0.023872379088886682,-0.00983287393395478,0.8862745098039215,0.10196078431372549,0.00784313725490196,2.4278129923389766
atr_percentile_200,Local volatility regime: ATR percentile within the previous 200 15m bars.,32,Q5,256,0.0137675571628799,0.010684767676939488,0.028486320978065586,-0.00478705528682403,0.90625,0.08203125,0.00390625,5.95069813721847
range_atr,Signal-bar range expansion: current 15m range normalized by ATR.,1,Q1,256,0.003210382833535089,0.0022551641314730864,0.006860808440390951,1.573756260884714e-05,0.484375,0.0234375,0.0078125,435.95114509879886
range_atr,Signal-bar range expansion: current 15m range normalized by ATR.,1,Q2,255,0.004147860549895396,0.003997171616338058,0.007803817245069739,0.001118789246307,0.7333333333333333,0.01568627450980392,0.01568627450980392,6.975234407042506
range_atr,Signal-bar range expansion: current 15m range normalized by ATR.,1,Q3,256,0.005648537414848888,0.004725276115575494,0.009764223543433937,0.002379346175427021,0.90625,0.015625,0.015625,4.103742298735304
range_atr,Signal-bar range expansion: current 15m range normalized by ATR.,1,Q4,255,0.0067195364401067765,0.0054313604913631686,0.010819903449180764,0.00362757187768918,0.9294117647058824,0.00784313725490196,0.00784313725490196,2.982684785855494
range_atr,Signal-bar range expansion: current 15m range normalized by ATR.,1,Q5,256,0.010899168293472122,0.008744541997192545,0.015980027814008407,0.0070724920544104584,0.96484375,0.01171875,0.0078125,2.259462109122221
range_atr,Signal-bar range expansion: current 15m range normalized by ATR.,4,Q1,256,0.003777780558832588,0.003051755391270339,0.010000042809348127,-0.0022273786946308133,0.65625,0.12890625,0.0078125,4.489601536305271
range_atr,Signal-bar range expansion: current 15m range normalized by ATR.,4,Q2,255,0.0029416978517736022,0.0023817793876841353,0.010418431795433742,-0.002306704222428063,0.8509803921568627,0.06666666666666667,0.01568627450980392,4.516587646623885
range_atr,Signal-bar range expansion: current 15m range normalized by ATR.,4,Q3,256,0.005363586734934407,0.004033979555892242,0.012400235289079112,-0.0004362121363589086,0.93359375,0.04296875,0.015625,28.427075396353462
range_atr,Signal-bar range expansion: current 15m range normalized by ATR.,4,Q4,255,0.007076029020671651,0.005227862571259401,0.013809138426468588,0.0010057822738415566,0.9372549019607843,0.050980392156862744,0.00784313725490196,13.729749256491646
range_atr,Signal-bar range expansion: current 15m range normalized by ATR.,4,Q5,256,0.0115307217980498,0.008475778253697719,0.019737860526899485,0.003976469907541535,0.98046875,0.01171875,0.0078125,4.963663999937694
range_atr,Signal-bar range expansion: current 15m range normalized by ATR.,8,Q1,256,0.002590679493189636,0.002026194044167151,0.01173530437981124,-0.004595866071098871,0.71484375,0.19140625,0.0078125,2.553447859068123
range_atr,Signal-bar range expansion: current 15m range normalized by ATR.,8,Q2,255,0.0027393081938135717,0.0023150005497754034,0.012211201888162701,-0.0049257808618517,0.8823529411764706,0.0784313725490196,0.01568627450980392,2.479038802301137
range_atr,Signal-bar range expansion: current 15m range normalized by ATR.,8,Q3,256,0.004804690239854829,0.003308196490398596,0.013798733041433184,-0.0025780212986899038,0.9375,0.046875,0.015625,5.352451140898413
range_atr,Signal-bar range expansion: current 15m range normalized by ATR.,8,Q4,255,0.007416150529293716,0.0051779703685150835,0.01604901368128864,-0.0006051269409999658,0.9372549019607843,0.054901960784313725,0.00784313725490196,26.52173055585299
range_atr,Signal-bar range expansion: current 15m range normalized by ATR.,8,Q5,256,0.011569124304661532,0.008437854893408092,0.022362821344838055,0.0018379101084907506,0.98046875,0.01171875,0.0078125,12.167527259100767
range_atr,Signal-bar range expansion: current 15m range normalized by ATR.,16,Q1,256,0.0038526461693932715,0.0019789763363985413,0.015387243573757736,-0.007381224384201631,0.75,0.21484375,0.0078125,2.0846464993926688
range_atr,Signal-bar range expansion: current 15m range normalized by ATR.,16,Q2,255,0.003575998562631037,0.001117534819781607,0.015676978989588353,-0.0077638994403637805,0.8862745098039215,0.09411764705882353,0.01568627450980392,2.019214585403466
range_atr,Signal-bar range expansion: current 15m range normalized by ATR.,16,Q3,256,0.004643296298991051,0.0027124645206010323,0.01657452496186833,-0.005552504402105163,0.9375,0.046875,0.015625,2.9850539074916007
range_atr,Signal-bar range expansion: current 15m range normalized by ATR.,16,Q4,255,0.007459228454902764,0.005838706327703891,0.018809082836901282,-0.003043997753957333,0.9372549019607843,0.054901960784313725,0.00784313725490196,6.1790725083317275
range_atr,Signal-bar range expansion: current 15m range normalized by ATR.,16,Q5,256,0.012590238582962437,0.00969392475392783,0.025376911498983985,-0.0008745978425710446,0.98046875,0.01171875,0.0078125,29.015520349768746
range_atr,Signal-bar range expansion: current 15m range normalized by ATR.,32,Q1,256,0.0031905898103277283,0.0009417191677416614,0.019311795877929055,-0.011856242708765247,0.7578125,0.22265625,0.0078125,1.6288293308681985
range_atr,Signal-bar range expansion: current 15m range normalized by ATR.,32,Q2,255,0.004809947341379852,0.0028465983150134377,0.020774901132971344,-0.012211868321693329,0.8901960784313725,0.09411764705882353,0.01568627450980392,1.7012057930616995
range_atr,Signal-bar range expansion: current 15m range normalized by ATR.,32,Q3,256,0.003026205775366171,0.0013406192441349774,0.019995773151453275,-0.010974290737867643,0.9375,0.046875,0.015625,1.8220560789825173
range_atr,Signal-bar range expansion: current 15m range normalized by ATR.,32,Q4,255,0.008824933368685828,0.0074464504158353595,0.023735328639757337,-0.006537398179757578,0.9372549019607843,0.054901960784313725,0.00784313725490196,3.630699551581773
range_atr,Signal-bar range expansion: current 15m range normalized by ATR.,32,Q5,256,0.014074898142988871,0.010760636762954578,0.03034819261508004,-0.004605228304090437,0.98046875,0.01171875,0.0078125,6.589943127927945
volatility_ratio_short_long,Volatility expansion: short ATR level relative to its longer rolling average.,1,Q1,255,0.0037499818969846926,0.002944310919233084,0.007369036769827307,0.0012110408081913472,0.7843137254901961,0.0196078431372549,0.00784313725490196,6.084878990025729
volatility_ratio_short_long,Volatility expansion: short ATR level relative to its longer rolling average.,1,Q2,254,0.0049798285809627444,0.004483867310098644,0.008922810318358607,0.0018049878456153619,0.7913385826771654,0.011811023622047244,0.023622047244094488,4.943418505578144
volatility_ratio_short_long,Volatility expansion: short ATR level relative to its longer rolling average.,1,Q3,254,0.006114282666197344,0.005438312993201411,0.010073430860998631,0.00267876659540203,0.8346456692913385,0.011811023622047244,0.007874015748031496,3.760473524751718
volatility_ratio_short_long,Volatility expansion: short ATR level relative to its longer rolling average.,1,Q4,254,0.006910968465315501,0.005312102107770222,0.011190374777073258,0.0034227020639922274,0.8110236220472441,0.01968503937007874,0.011811023622047244,3.269456285663627
volatility_ratio_short_long,Volatility expansion: short ATR level relative to its longer rolling average.,1,Q5,255,0.00893296215151842,0.006719708352834086,0.013801430507403444,0.0051385317140372685,0.796078431372549,0.011764705882352941,0.00392156862745098,2.685870453947216
volatility_ratio_short_long,Volatility expansion: short ATR level relative to its longer rolling average.,4,Q1,255,0.003024432065299174,0.0022527105194314334,0.009445782743608395,-0.001601142455586249,0.8392156862745098,0.09411764705882353,0.00784313725490196,5.8994018368901955
volatility_ratio_short_long,Volatility expansion: short ATR level relative to its longer rolling average.,4,Q2,254,0.004842121447598843,0.004420116920402228,0.011434977214329897,-0.0007652657474025407,0.8582677165354331,0.07086614173228346,0.023622047244094488,14.942491877027571
volatility_ratio_short_long,Volatility expansion: short ATR level relative to its longer rolling average.,4,Q3,254,0.006136209420482637,0.004207612517989956,0.013317383882610117,-0.0004638699977572683,0.889763779527559,0.05905511811023622,0.007874015748031496,28.709302060916592
volatility_ratio_short_long,Volatility expansion: short ATR level relative to its longer rolling average.,4,Q4,254,0.007239537442815078,0.00543669447175521,0.014701420967682559,0.0007217767338275196,0.8818897637795275,0.047244094488188976,0.011811023622047244,20.36837747556948
volatility_ratio_short_long,Volatility expansion: short ATR level relative to its longer rolling average.,4,Q5,255,0.009467613484587757,0.007047297673715258,0.01758641953494396,0.0021127719014119215,0.8901960784313725,0.03137254901960784,0.00392156862745098,8.323860954034519
volatility_ratio_short_long,Volatility expansion: short ATR level relative to its longer rolling average.,8,Q1,255,0.002619394239643827,0.0021208259677825136,0.010956389637318955,-0.003647842065618152,0.8705882352941177,0.10196078431372549,0.00784313725490196,3.0035263150742573
volatility_ratio_short_long,Volatility expansion: short ATR level relative to its longer rolling average.,8,Q2,254,0.004123174854957346,0.0037275952963820025,0.013807405574116029,-0.0034256931286466706,0.8779527559055118,0.08661417322834646,0.023622047244094488,4.030543617189284
volatility_ratio_short_long,Volatility expansion: short ATR level relative to its longer rolling average.,8,Q3,254,0.005066321605697437,0.0037733533371542283,0.015473899107775482,-0.0032806297575552917,0.8976377952755905,0.07874015748031496,0.007874015748031496,4.716746555181695
volatility_ratio_short_long,Volatility expansion: short ATR level relative to its longer rolling average.,8,Q4,254,0.007263534403720487,0.005690035790666181,0.016393121966140154,-0.000976111012924267,0.9015748031496063,0.05905511811023622,0.011811023622047244,16.794321290392038
volatility_ratio_short_long,Volatility expansion: short ATR level relative to its longer rolling average.,8,Q5,255,0.010076818463045522,0.007478224112888343,0.01965463608133612,0.0004142374665923213,0.9058823529411765,0.054901960784313725,0.00392156862745098,47.44775078657856
volatility_ratio_short_long,Volatility expansion: short ATR level relative to its longer rolling average.,16,Q1,255,0.0012588061741042,-0.00036985417822466005,0.013569947610672924,-0.007464772798768909,0.8823529411764706,0.10980392156862745,0.00784313725490196,1.8178647865760738
volatility_ratio_short_long,Volatility expansion: short ATR level relative to its longer rolling average.,16,Q2,254,0.004809286203495458,0.003763880705822009,0.017443241349121702,-0.0063648791545694045,0.8818897637795275,0.09448818897637795,0.023622047244094488,2.7405455666191307
volatility_ratio_short_long,Volatility expansion: short ATR level relative to its longer rolling average.,16,Q3,254,0.005845562373004644,0.002935110192319512,0.018587174592090815,-0.006115139668213843,0.9015748031496063,0.09055118110236221,0.007874015748031496,3.0395339437144697
volatility_ratio_short_long,Volatility expansion: short ATR level relative to its longer rolling average.,16,Q4,254,0.008944183681884783,0.006973687508065041,0.019900806196881136,-0.002962680158020206,0.905511811023622,0.06692913385826772,0.011811023622047244,6.717163222296576
volatility_ratio_short_long,Volatility expansion: short ATR level relative to its longer rolling average.,16,Q5,255,0.011194172770641015,0.008630048919221478,0.02247781350735677,-0.0017775277574670599,0.9215686274509803,0.058823529411764705,0.00392156862745098,12.645548522621771
volatility_ratio_short_long,Volatility expansion: short ATR level relative to its longer rolling average.,32,Q1,255,-0.0011845712990019462,-0.0017174519540873456,0.016072531745575824,-0.01399771443841019,0.8823529411764706,0.10980392156862745,0.00784313725490196,1.1482254346804124
volatility_ratio_short_long,Volatility expansion: short ATR level relative to its longer rolling average.,32,Q2,254,0.006736084499918803,0.004314281710960488,0.02307837698791605,-0.010740343090968071,0.8818897637795275,0.09448818897637795,0.023622047244094488,2.1487560306451905
volatility_ratio_short_long,Volatility expansion: short ATR level relative to its longer rolling average.,32,Q3,254,0.0063904380621391055,0.004905351648059386,0.023345691783308906,-0.010029003407175652,0.9015748031496063,0.09055118110236221,0.007874015748031496,2.3278177138323928
volatility_ratio_short_long,Volatility expansion: short ATR level relative to its longer rolling average.,32,Q4,254,0.009342354073499844,0.006853009291424961,0.024332461681003534,-0.006623227371780134,0.9133858267716536,0.07086614173228346,0.011811023622047244,3.6738073925527432
volatility_ratio_short_long,Volatility expansion: short ATR level relative to its longer rolling average.,32,Q5,255,0.012325063615432862,0.010707688534265403,0.02724690369034555,-0.004963818834194248,0.9254901960784314,0.06274509803921569,0.00392156862745098,5.489101153863607
body_ratio,Candle conviction: real body share of the full candle range.,1,Q1,256,0.0025507400342991925,0.00203995824447456,0.006306022846304199,-0.0005359317586987049,0.55859375,0.05078125,0.01171875,11.766466054588449
body_ratio,Candle conviction: real body share of the full candle range.,1,Q2,255,0.004772133521072551,0.0036378889566808237,0.008764790202518432,0.0015825922053176325,0.7529411764705882,0.00784313725490196,0.0196078431372549,5.5382493184713395
body_ratio,Candle conviction: real body share of the full candle range.,1,Q3,256,0.0057611773985180815,0.004914790522241308,0.009695421515975935,0.002730600582801637,0.828125,0.015625,0.01171875,3.550655330933932
body_ratio,Candle conviction: real body share of the full candle range.,1,Q4,255,0.007575032389176362,0.006430965431291957,0.011927023060787911,0.004159077275642737,0.9294117647058824,0.0,0.0,2.867708934055506
body_ratio,Candle conviction: real body share of the full candle range.,1,Q5,256,0.009972182536136801,0.007762879124751598,0.014543601353095195,0.006281486534648596,0.94921875,0.0,0.01171875,2.3153120320919074
body_ratio,Candle conviction: real body share of the full candle range.,4,Q1,256,0.002420565049575566,0.0016781306525933681,0.009279313714858394,-0.0032117820489154895,0.71484375,0.1796875,0.01171875,2.889148009900518
body_ratio,Candle conviction: real body share of the full candle range.,4,Q2,255,0.0044707912995048055,0.0035030698220144263,0.01150558202831755,-0.0012868718567661266,0.8392156862745098,0.058823529411764705,0.0196078431372549,8.94073638165556
body_ratio,Candle conviction: real body share of the full candle range.,4,Q3,256,0.00624017398940525,0.0041786452365689675,0.013014057914093515,9.612525420804076e-05,0.8828125,0.03125,0.01171875,135.38646031486806
body_ratio,Candle conviction: real body share of the full candle range.,4,Q4,255,0.007773998933813851,0.00592270997480826,0.015282739394267414,0.0011341491693581277,0.9686274509803922,0.01568627450980392,0.0,13.475069953026274
body_ratio,Candle conviction: real body share of the full candle range.,4,Q5,256,0.009792986158215987,0.007427106282641094,0.017294018730069853,0.003284821763444733,0.953125,0.015625,0.01171875,5.2648271277690055
body_ratio,Candle conviction: real body share of the full candle range.,8,Q1,256,0.002272981218848982,0.0014561118541929208,0.011026205037827433,-0.00527940696525462,0.7421875,0.21875,0.01171875,2.0885309866040327
body_ratio,Candle conviction: real body share of the full candle range.,8,Q2,255,0.003807156630470848,0.002947268821604121,0.013106642801919232,-0.0035347097889261428,0.8666666666666667,0.07058823529411765,0.0196078431372549,3.707982715577076
body_ratio,Candle conviction: real body share of the full candle range.,8,Q3,256,0.005948773271490851,0.004427922595778067,0.014710157227820368,-0.001690928144352074,0.90625,0.05078125,0.01171875,8.69945732286393
body_ratio,Candle conviction: real body share of the full candle range.,8,Q4,255,0.007322409531506084,0.005678030570391179,0.017798006850532642,-0.0015506381164676285,0.9725490196078431,0.0196078431372549,0.0,11.477859767227125
body_ratio,Candle conviction: real body share of the full candle range.,8,Q5,256,0.009772437215679605,0.007439192209497292,0.019526392238070865,0.0011905384192002198,0.96484375,0.0234375,0.01171875,16.401312148488504
body_ratio,Candle conviction: real body share of the full candle range.,16,Q1,256,0.0025922105871190974,0.001067502773568485,0.014276508397845736,-0.007985985730068984,0.75390625,0.23046875,0.01171875,1.7876952051255937
body_ratio,Candle conviction: real body share of the full candle range.,16,Q2,255,0.0042087646988041875,0.0018886353888463159,0.016276203951741206,-0.006275011166157636,0.8784313725490196,0.08627450980392157,0.0196078431372549,2.593812747222182
body_ratio,Candle conviction: real body share of the full candle range.,16,Q3,256,0.007559445242153594,0.005282231700252771,0.018469570684452104,-0.004169154572652522,0.91796875,0.05859375,0.01171875,4.430051791699652
body_ratio,Candle conviction: real body share of the full candle range.,16,Q4,255,0.007784449861451959,0.005910187947777423,0.020562365396220122,-0.004404761237658613,0.9764705882352941,0.023529411764705882,0.0,4.668213391550416
body_ratio,Candle conviction: real body share of the full candle range.,16,Q5,256,0.009980279818190482,0.007455154822823773,0.022249282913346272,-0.0017808106291982888,0.96484375,0.0234375,0.01171875,12.493907296231031
body_ratio,Candle conviction: real body share of the full candle range.,32,Q1,256,0.0016388972853484535,0.00022140883302113057,0.01806881472254101,-0.013155327331461632,0.75390625,0.23046875,0.01171875,1.373497919685246
body_ratio,Candle conviction: real body share of the full candle range.,32,Q2,255,0.004839310161377123,0.0017546933603520554,0.020397781446445724,-0.00988483152615322,0.8862745098039215,0.09019607843137255,0.0196078431372549,2.0635436620722785
body_ratio,Candle conviction: real body share of the full candle range.,32,Q3,256,0.007560944821337549,0.0055110546981427255,0.023135513724846887,-0.00961498430456944,0.921875,0.0625,0.01171875,2.4061936028176283
body_ratio,Candle conviction: real body share of the full candle range.,32,Q4,255,0.008477270610613033,0.005816631931930383,0.02558735257129819,-0.008207413805252153,0.9764705882352941,0.023529411764705882,0.0,3.117590166457079
body_ratio,Candle conviction: real body share of the full candle range.,32,Q5,256,0.011408908200939184,0.0076111107965568525,0.026982290296766326,-0.0053199047957923,0.96484375,0.0234375,0.01171875,5.071949843558773
upper_shadow_ratio,Upper rejection: upper wick share of the full candle range.,1,Q1,256,0.008691859613708662,0.00634249668287612,0.013547382439875601,0.004945612276340119,0.8984375,0.00390625,0.015625,2.739273053143789
upper_shadow_ratio,Upper rejection: upper wick share of the full candle range.,1,Q2,255,0.006769474716878547,0.005961927341189499,0.011150294957392995,0.0035487328869974414,0.8588235294117647,0.011764705882352941,0.0196078431372549,3.1420496589776254
upper_shadow_ratio,Upper rejection: upper wick share of the full candle range.,1,Q3,256,0.006366417169566805,0.0054813086158240765,0.010690756610548696,0.002810491836727876,0.85546875,0.00390625,0.01171875,3.8038739237170116
upper_shadow_ratio,Upper rejection: upper wick share of the full candle range.,1,Q4,255,0.005064612693704612,0.0038752580275969173,0.008771022765396683,0.0021042262122341732,0.7607843137254902,0.01568627450980392,0.00392156862745098,4.1682889008801025
upper_shadow_ratio,Upper rejection: upper wick share of the full candle range.,1,Q5,256,0.003736897472455042,0.0029120790407338726,0.007074392457262552,0.0008084151024836607,0.64453125,0.0390625,0.00390625,8.750940495208694
upper_shadow_ratio,Upper rejection: upper wick share of the full candle range.,4,Q1,256,0.008385680880990943,0.00572887386117471,0.016326661181808873,0.0013334647687386143,0.91796875,0.03515625,0.015625,12.243788935835937
upper_shadow_ratio,Upper rejection: upper wick share of the full candle range.,4,Q2,255,0.00661226863080934,0.005525714368895374,0.013922806153750637,0.0005401781140277644,0.8980392156862745,0.0392156862745098,0.0196078431372549,25.774472886243263
upper_shadow_ratio,Upper rejection: upper wick share of the full candle range.,4,Q3,256,0.006052862615123552,0.004774866550976031,0.013537388696154258,-8.406789159438963e-05,0.890625,0.05078125,0.01171875,161.02924005123606
upper_shadow_ratio,Upper rejection: upper wick share of the full candle range.,4,Q4,255,0.005285648369475652,0.003516078892963348,0.012151303433745122,-0.0003292717831778801,0.8549019607843137,0.050980392156862744,0.00392156862745098,36.90356737060798
upper_shadow_ratio,Upper rejection: upper wick share of the full candle range.,4,Q5,256,0.004360699960549436,0.003067683205107641,0.010434762426167017,-0.0014424405008122538,0.796875,0.125,0.00390625,7.23410249524406
upper_shadow_ratio,Upper rejection: upper wick share of the full candle range.,8,Q1,256,0.007835851666429312,0.005276986075615442,0.01826380180442536,-0.0006985626917267707,0.9375,0.0390625,0.015625,26.144828546854164
upper_shadow_ratio,Upper rejection: upper wick share of the full candle range.,8,Q2,255,0.006455750949294817,0.0051423028378170255,0.015978603759668128,-0.0016670352651465587,0.9058823529411765,0.054901960784313725,0.0196078431372549,9.585042436557787
upper_shadow_ratio,Upper rejection: upper wick share of the full candle range.,8,Q3,256,0.005616265541576069,0.00438213568328405,0.015732980065614896,-0.002730782507867053,0.90234375,0.0625,0.01171875,5.7613449699088415
upper_shadow_ratio,Upper rejection: upper wick share of the full candle range.,8,Q4,255,0.005177410009155483,0.0038082375950918568,0.013960363157838654,-0.0023357079653038067,0.8823529411764706,0.08235294117647059,0.00392156862745098,5.9769300636960505
upper_shadow_ratio,Upper rejection: upper wick share of the full candle range.,8,Q5,256,0.0040404468687144125,0.0026365001264420096,0.012227883170440126,-0.0034288272412445584,0.82421875,0.14453125,0.00390625,3.566199843303211
upper_shadow_ratio,Upper rejection: upper wick share of the full candle range.,16,Q1,256,0.009560373948590346,0.00708956542478989,0.021812190637830874,-0.0031145918116309746,0.9375,0.04296875,0.015625,7.003226090936388
upper_shadow_ratio,Upper rejection: upper wick share of the full candle range.,16,Q2,255,0.006064854500807452,0.0043234640217240106,0.018560232024001404,-0.004956830131352978,0.9137254901960784,0.058823529411764705,0.0196078431372549,3.7443752422751166
upper_shadow_ratio,Upper rejection: upper wick share of the full candle range.,16,Q3,256,0.006470915351576135,0.00390092788176144,0.01906316239352239,-0.005614539379696417,0.91796875,0.06640625,0.01171875,3.3953208098351877
upper_shadow_ratio,Upper rejection: upper wick share of the full candle range.,16,Q4,255,0.005088283798611194,0.0026146350453242206,0.016722003216532513,-0.0051315799670065484,0.8862745098039215,0.10196078431372549,0.00392156862745098,3.2586461331688286
upper_shadow_ratio,Upper rejection: upper wick share of the full candle range.,16,Q5,256,0.004937441060240298,0.001898821614291335,0.015670263641611126,-0.005795872037043437,0.8359375,0.15234375,0.00390625,2.703693860295226
upper_shadow_ratio,Upper rejection: upper wick share of the full candle range.,32,Q1,256,0.011187407217750798,0.006350778024758363,0.02650753140444015,-0.006460281713870003,0.9375,0.046875,0.015625,4.103154100467382
upper_shadow_ratio,Upper rejection: upper wick share of the full candle range.,32,Q2,255,0.006740054498734523,0.004529318937674498,0.023969018257116503,-0.009831413704425236,0.9137254901960784,0.058823529411764705,0.0196078431372549,2.438003218837975
upper_shadow_ratio,Upper rejection: upper wick share of the full candle range.,32,Q3,256,0.006180144368221395,0.004601767739634832,0.023147924401769666,-0.010211732817437267,0.91796875,0.0703125,0.01171875,2.2667969105344126
upper_shadow_ratio,Upper rejection: upper wick share of the full candle range.,32,Q4,255,0.006499656219747061,0.004568840773889304,0.02126090978678868,-0.009305548427440144,0.8941176470588236,0.10196078431372549,0.00392156862745098,2.2847562346883974
upper_shadow_ratio,Upper rejection: upper wick share of the full candle range.,32,Q5,256,0.003317768501515048,0.000728165109445289,0.019283418888447836,-0.010377566025057895,0.83984375,0.15234375,0.00390625,1.8581832042201107
lower_shadow_ratio,Lower rejection: lower wick share of the full candle range.,1,Q1,256,0.007197023953583105,0.005317431992339916,0.011106275437654207,0.0038886368000923557,0.84765625,0.02734375,0.00390625,2.856084537746089
lower_shadow_ratio,Lower rejection: lower wick share of the full candle range.,1,Q2,255,0.007310270408878616,0.0058058167504919655,0.011401371351512531,0.004066779747292491,0.8470588235294118,0.00784313725490196,0.00392156862745098,2.803537948939363
lower_shadow_ratio,Lower rejection: lower wick share of the full candle range.,1,Q3,256,0.006827683179591316,0.005669498325080458,0.010940680536801908,0.0037633430906398742,0.87109375,0.0078125,0.00390625,2.90717063879012
lower_shadow_ratio,Lower rejection: lower wick share of the full candle range.,1,Q4,255,0.006027817672906199,0.004901210923397903,0.010105762045476922,0.002599801820371683,0.803921568627451,0.0,0.011764705882352941,3.8871278442416592
lower_shadow_ratio,Lower rejection: lower wick share of the full candle range.,1,Q5,256,0.0032723414539763125,0.002930533853119699,0.007685954451508301,-9.712368084582e-05,0.6484375,0.03125,0.03125,79.1357409910097
lower_shadow_ratio,Lower rejection: lower wick share of the full candle range.,4,Q1,256,0.00761187299476335,0.0045219337568896956,0.014336926267860605,0.0015596331367182942,0.90234375,0.04296875,0.00390625,9.192499139911636
lower_shadow_ratio,Lower rejection: lower wick share of the full candle range.,4,Q2,255,0.007869383101558521,0.004984464615933382,0.014998091706434414,0.0011290672152633866,0.9137254901960784,0.054901960784313725,0.00392156862745098,13.283612794421357
lower_shadow_ratio,Lower rejection: lower wick share of the full candle range.,4,Q3,256,0.006797790411264079,0.0054462682323574985,0.013858640630135735,0.0010353815721987178,0.921875,0.02734375,0.00390625,13.385056294469075
lower_shadow_ratio,Lower rejection: lower wick share of the full candle range.,4,Q4,255,0.005831825414421353,0.004266635706951849,0.01317895477191454,-0.0004238453648136083,0.8901960784313725,0.043137254901960784,0.011764705882352941,31.0937805765793
lower_shadow_ratio,Lower rejection: lower wick share of the full candle range.,4,Q5,256,0.002593332642424803,0.0025636797306006764,0.010008523112510503,-0.003280442932186498,0.73046875,0.1328125,0.03125,3.0509669942161044
lower_shadow_ratio,Lower rejection: lower wick share of the full candle range.,8,Q1,256,0.008520569210464627,0.005675672134212939,0.016939636667937182,-0.00028766972774176783,0.921875,0.06640625,0.00390625,58.88571175324839
lower_shadow_ratio,Lower rejection: lower wick share of the full candle range.,8,Q2,255,0.007652210877562115,0.004745438963763338,0.017495280265080654,-0.0010167463467294466,0.9254901960784314,0.058823529411764705,0.00392156862745098,17.207123803648248
lower_shadow_ratio,Lower rejection: lower wick share of the full candle range.,8,Q3,256,0.006183926338837135,0.0055742317759772675,0.01528810493299032,-0.0013070753865013023,0.9375,0.0390625,0.00390625,11.696421714368414
lower_shadow_ratio,Lower rejection: lower wick share of the full candle range.,8,Q4,255,0.004577985049191043,0.0031825320722138617,0.014670075040458752,-0.002943158812348471,0.9019607843137255,0.054901960784313725,0.011764705882352941,4.984466002618757
lower_shadow_ratio,Lower rejection: lower wick share of the full candle range.,8,Q5,256,0.0021933657269601055,0.0015982186591836367,0.011779231881161008,-0.005306098061751461,0.765625,0.1640625,0.03125,2.2199423651949743
lower_shadow_ratio,Lower rejection: lower wick share of the full candle range.,16,Q1,256,0.0084363464829023,0.005788274445245656,0.019765872579752215,-0.0032867453544394225,0.92578125,0.06640625,0.00390625,6.013813194579969
lower_shadow_ratio,Lower rejection: lower wick share of the full candle range.,16,Q2,255,0.008937703534493618,0.005326943204979839,0.02090508339358623,-0.0034350121000952167,0.9294117647058824,0.06666666666666667,0.00392156862745098,6.085883480004846
lower_shadow_ratio,Lower rejection: lower wick share of the full candle range.,16,Q3,256,0.005980173420216937,0.0043518840929892555,0.01821399829079612,-0.004151289187499515,0.94140625,0.046875,0.00390625,4.38755226825504
lower_shadow_ratio,Lower rejection: lower wick share of the full candle range.,16,Q4,255,0.005364344762641008,0.0035313971769195263,0.017118356056059842,-0.005506600723249616,0.9176470588235294,0.06274509803921569,0.011764705882352941,3.1086975280019518
lower_shadow_ratio,Lower rejection: lower wick share of the full candle range.,16,Q5,256,0.00341560088925014,0.0025360293914168386,0.01583524942224574,-0.008229286284591058,0.77734375,0.1796875,0.03125,1.9242555034081732
lower_shadow_ratio,Lower rejection: lower wick share of the full candle range.,32,Q1,256,0.009018592268076546,0.006950637562571527,0.024195865696034158,-0.0070019796178955405,0.9296875,0.06640625,0.00390625,3.455574996847288
lower_shadow_ratio,Lower rejection: lower wick share of the full candle range.,32,Q2,255,0.00925470905519079,0.0057719274437959545,0.025768976177312965,-0.00804574523483766,0.9294117647058824,0.06666666666666667,0.00392156862745098,3.202807872381372
lower_shadow_ratio,Lower rejection: lower wick share of the full candle range.,32,Q3,256,0.006372471686068979,0.003407610313414855,0.02262625195342706,-0.007972478267172716,0.9453125,0.046875,0.00390625,2.8380449836523693
lower_shadow_ratio,Lower rejection: lower wick share of the full candle range.,32,Q4,255,0.005419315030338741,0.002290579840498852,0.021192684716995827,-0.009768308072010316,0.9215686274509803,0.06666666666666667,0.011764705882352941,2.1695348427554637
lower_shadow_ratio,Lower rejection: lower wick share of the full candle range.,32,Q5,256,0.0038655455528838014,0.003502880549390741,0.020391788776239712,-0.013392863883716582,0.77734375,0.18359375,0.03125,1.522586128948314
close_location,Close strength: close location within the 15m high-low range.,1,Q1,256,0.003736897472455042,0.0029120790407338726,0.007074392457262552,0.0008084151024836607,0.64453125,0.0390625,0.00390625,8.750940495208694
close_location,Close strength: close location within the 15m high-low range.,1,Q2,255,0.005064612693704612,0.0038752580275969173,0.008771022765396683,0.0021042262122341732,0.7607843137254902,0.01568627450980392,0.00392156862745098,4.1682889008801025
close_location,Close strength: close location within the 15m high-low range.,1,Q3,256,0.006366417169566805,0.0054813086158240765,0.010690756610548696,0.002810491836727876,0.85546875,0.00390625,0.01171875,3.8038739237170116
close_location,Close strength: close location within the 15m high-low range.,1,Q4,255,0.006769474716878547,0.005961927341189499,0.011150294957392995,0.0035487328869974414,0.8588235294117647,0.011764705882352941,0.0196078431372549,3.1420496589776254
close_location,Close strength: close location within the 15m high-low range.,1,Q5,256,0.008691859613708662,0.00634249668287612,0.013547382439875601,0.004945612276340119,0.8984375,0.00390625,0.015625,2.739273053143789
close_location,Close strength: close location within the 15m high-low range.,4,Q1,256,0.004360699960549436,0.003067683205107641,0.010434762426167017,-0.0014424405008122538,0.796875,0.125,0.00390625,7.23410249524406
close_location,Close strength: close location within the 15m high-low range.,4,Q2,255,0.005285648369475652,0.003516078892963348,0.012151303433745122,-0.0003292717831778801,0.8549019607843137,0.050980392156862744,0.00392156862745098,36.90356737060798
close_location,Close strength: close location within the 15m high-low range.,4,Q3,256,0.006052862615123552,0.004774866550976031,0.013537388696154258,-8.406789159438963e-05,0.890625,0.05078125,0.01171875,161.02924005123606
close_location,Close strength: close location within the 15m high-low range.,4,Q4,255,0.00661226863080934,0.005525714368895374,0.013922806153750637,0.0005401781140277644,0.8980392156862745,0.0392156862745098,0.0196078431372549,25.774472886243263
close_location,Close strength: close location within the 15m high-low range.,4,Q5,256,0.008385680880990943,0.00572887386117471,0.016326661181808873,0.0013334647687386143,0.91796875,0.03515625,0.015625,12.243788935835937
close_location,Close strength: close location within the 15m high-low range.,8,Q1,256,0.0040404468687144125,0.0026365001264420096,0.012227883170440126,-0.0034288272412445584,0.82421875,0.14453125,0.00390625,3.566199843303211
close_location,Close strength: close location within the 15m high-low range.,8,Q2,255,0.005177410009155483,0.0038082375950918568,0.013960363157838654,-0.0023357079653038067,0.8823529411764706,0.08235294117647059,0.00392156862745098,5.9769300636960505
close_location,Close strength: close location within the 15m high-low range.,8,Q3,256,0.005616265541576069,0.00438213568328405,0.015732980065614896,-0.002730782507867053,0.90234375,0.0625,0.01171875,5.7613449699088415
close_location,Close strength: close location within the 15m high-low range.,8,Q4,255,0.006455750949294817,0.0051423028378170255,0.015978603759668128,-0.0016670352651465587,0.9058823529411765,0.054901960784313725,0.0196078431372549,9.585042436557787
close_location,Close strength: close location within the 15m high-low range.,8,Q5,256,0.007835851666429312,0.005276986075615442,0.01826380180442536,-0.0006985626917267707,0.9375,0.0390625,0.015625,26.144828546854164
close_location,Close strength: close location within the 15m high-low range.,16,Q1,256,0.004937441060240298,0.001898821614291335,0.015670263641611126,-0.005795872037043437,0.8359375,0.15234375,0.00390625,2.703693860295226
close_location,Close strength: close location within the 15m high-low range.,16,Q2,255,0.005088283798611194,0.0026146350453242206,0.016722003216532513,-0.0051315799670065484,0.8862745098039215,0.10196078431372549,0.00392156862745098,3.2586461331688286
close_location,Close strength: close location within the 15m high-low range.,16,Q3,256,0.006470915351576135,0.00390092788176144,0.01906316239352239,-0.005614539379696417,0.91796875,0.06640625,0.01171875,3.3953208098351877
close_location,Close strength: close location within the 15m high-low range.,16,Q4,255,0.006064854500807452,0.0043234640217240106,0.018560232024001404,-0.004956830131352978,0.9137254901960784,0.058823529411764705,0.0196078431372549,3.7443752422751166
close_location,Close strength: close location within the 15m high-low range.,16,Q5,256,0.009560373948590346,0.00708956542478989,0.021812190637830874,-0.0031145918116309746,0.9375,0.04296875,0.015625,7.003226090936388
close_location,Close strength: close location within the 15m high-low range.,32,Q1,256,0.003317768501515048,0.000728165109445289,0.019283418888447836,-0.010377566025057895,0.83984375,0.15234375,0.00390625,1.8581832042201107
close_location,Close strength: close location within the 15m high-low range.,32,Q2,255,0.006499656219747061,0.004568840773889304,0.02126090978678868,-0.009305548427440144,0.8941176470588236,0.10196078431372549,0.00392156862745098,2.2847562346883974
close_location,Close strength: close location within the 15m high-low range.,32,Q3,256,0.006180144368221395,0.004601767739634832,0.023147924401769666,-0.010211732817437267,0.91796875,0.0703125,0.01171875,2.2667969105344126
close_location,Close strength: close location within the 15m high-low range.,32,Q4,255,0.006740054498734523,0.004529318937674498,0.023969018257116503,-0.009831413704425236,0.9137254901960784,0.058823529411764705,0.0196078431372549,2.438003218837975
close_location,Close strength: close location within the 15m high-low range.,32,Q5,256,0.011187407217750798,0.006350778024758363,0.02650753140444015,-0.006460281713870003,0.9375,0.046875,0.015625,4.103154100467382
pullback_depth_atr,Pullback depth: distance from recent high to current close normalized by ATR.,1,Q1,256,0.005391857538613861,0.004237713359919626,0.009036562651707235,0.0019471276589419083,0.66796875,0.0234375,0.0,4.640970821922281
pullback_depth_atr,Pullback depth: distance from recent high to current close normalized by ATR.,1,Q2,255,0.005015620356925291,0.003848523367984358,0.008830225116236346,0.0018503902054473214,0.6941176470588235,0.03137254901960784,0.01568627450980392,4.772088119706453
pullback_depth_atr,Pullback depth: distance from recent high to current close normalized by ATR.,1,Q3,256,0.005849698497521389,0.00479671887146893,0.01009149047375927,0.0024650179257413125,0.8125,0.00390625,0.0078125,4.093881171563661
pullback_depth_atr,Pullback depth: distance from recent high to current close normalized by ATR.,1,Q4,255,0.006676600475980023,0.005343594657419182,0.010841158918476262,0.0035214406463940774,0.8862745098039215,0.00784313725490196,0.00784313725490196,3.0786146941245507
pullback_depth_atr,Pullback depth: distance from recent high to current close normalized by ATR.,1,Q5,256,0.0076949306309540486,0.006813528634202148,0.012433435766828364,0.004432403721042282,0.95703125,0.0078125,0.0234375,2.8051225811859566
pullback_depth_atr,Pullback depth: distance from recent high to current close normalized by ATR.,4,Q1,256,0.0054999733451260475,0.0037105425408127113,0.012513224055392968,-0.0007697451666160188,0.80859375,0.09375,0.0,16.256320400690594
pullback_depth_atr,Pullback depth: distance from recent high to current close normalized by ATR.,4,Q2,255,0.005116780133323629,0.003402494128953659,0.011590896614496525,-0.0010615223854432765,0.807843137254902,0.07450980392156863,0.01568627450980392,10.919125939728847
pullback_depth_atr,Pullback depth: distance from recent high to current close normalized by ATR.,4,Q3,256,0.006616024445211657,0.004441502576162493,0.013417691645308509,0.0001272622257105045,0.859375,0.0703125,0.0078125,105.43341962155377
pullback_depth_atr,Pullback depth: distance from recent high to current close normalized by ATR.,4,Q4,255,0.006428750604965621,0.004834742553870619,0.01389364304836686,0.0003391805835157448,0.9254901960784314,0.043137254901960784,0.00784313725490196,40.96237733998095
pullback_depth_atr,Pullback depth: distance from recent high to current close normalized by ATR.,4,Q5,256,0.007034255419486048,0.006339407418680887,0.01495516352054295,0.0013790419494962396,0.95703125,0.01953125,0.0234375,10.844603767134156
pullback_depth_atr,Pullback depth: distance from recent high to current close normalized by ATR.,8,Q1,256,0.005052688249356183,0.0032700161999018595,0.014276698519377365,-0.002833486781894464,0.8359375,0.12109375,0.0,5.038561891519391
pullback_depth_atr,Pullback depth: distance from recent high to current close normalized by ATR.,8,Q2,255,0.004889396572348193,0.0032674249240092212,0.013871541461439553,-0.003456653430450309,0.8352941176470589,0.10980392156862745,0.01568627450980392,4.0129974672157
pullback_depth_atr,Pullback depth: distance from recent high to current close normalized by ATR.,8,Q3,256,0.0062942769829514335,0.004729766760443677,0.015301396914429617,-0.002003095280120044,0.88671875,0.08984375,0.0078125,7.638876226353355
pullback_depth_atr,Pullback depth: distance from recent high to current close normalized by ATR.,8,Q4,255,0.0059042626260502355,0.0046499678869620364,0.015799604354705336,-0.0017298706331321833,0.9372549019607843,0.043137254901960784,0.00784313725490196,9.133402262629227
pullback_depth_atr,Pullback depth: distance from recent high to current close normalized by ATR.,8,Q5,256,0.006981821300713845,0.0060491517901185565,0.0169133445318581,-0.0008424336895711693,0.95703125,0.01953125,0.0234375,20.076766564817266
pullback_depth_atr,Pullback depth: distance from recent high to current close normalized by ATR.,16,Q1,256,0.00530998832162969,0.002429612755452948,0.017188543175524255,-0.005226999150120936,0.8515625,0.1328125,0.0,3.2884151464089233
pullback_depth_atr,Pullback depth: distance from recent high to current close normalized by ATR.,16,Q2,255,0.005884611053675349,0.0028725314183124517,0.01725724452350115,-0.0060146669632287,0.8431372549019608,0.12941176470588237,0.01568627450980392,2.8691936941820937
pullback_depth_atr,Pullback depth: distance from recent high to current close normalized by ATR.,16,Q3,256,0.007118064388215756,0.00520628049016969,0.018644557591793322,-0.0047625530617004565,0.8984375,0.09375,0.0078125,3.9148241185445887
pullback_depth_atr,Pullback depth: distance from recent high to current close normalized by ATR.,16,Q4,255,0.006360796892074188,0.004172410848268138,0.018827817270714368,-0.005002564708644591,0.9411764705882353,0.047058823529411764,0.00784313725490196,3.7636329297608686
pullback_depth_atr,Pullback depth: distance from recent high to current close normalized by ATR.,16,Q5,256,0.007452674682536422,0.005314946241138818,0.019912825393190517,-0.0036102576523072086,0.95703125,0.01953125,0.0234375,5.515624454244926
pullback_depth_atr,Pullback depth: distance from recent high to current close normalized by ATR.,32,Q1,256,0.005109742176887091,0.0019980868219526826,0.021079366455868782,-0.0094024505754322,0.859375,0.1328125,0.0,2.2419013305900664
pullback_depth_atr,Pullback depth: distance from recent high to current close normalized by ATR.,32,Q2,255,0.006526039015273162,0.004253224673211653,0.022065113053557295,-0.010299818733812275,0.8470588235294118,0.13333333333333333,0.01568627450980392,2.1422816870671593
pullback_depth_atr,Pullback depth: distance from recent high to current close normalized by ATR.,32,Q3,256,0.006087811235191785,0.0051093775307049505,0.02276122084993265,-0.00942163231033038,0.8984375,0.09375,0.0078125,2.4158468617986752
pullback_depth_atr,Pullback depth: distance from recent high to current close normalized by ATR.,32,Q4,255,0.007312998934846839,0.003927725444830221,0.023816182925282356,-0.009676606660850141,0.9411764705882353,0.050980392156862744,0.00784313725490196,2.4612122575611624
pullback_depth_atr,Pullback depth: distance from recent high to current close normalized by ATR.,32,Q5,256,0.008890780565768535,0.0060624656234467,0.024449463859917586,-0.007389313561175847,0.95703125,0.01953125,0.0234375,3.3087598269448715
inside_bar_compression,Compression: current range relative to previous range for inside-bar style contraction.,1,Q1,256,0.003624034586704822,0.003220768041344302,0.007765617588307123,8.383734593562023e-06,0.6015625,0.03125,0.01953125,926.2718781997752
inside_bar_compression,Compression: current range relative to previous range for inside-bar style contraction.,1,Q2,255,0.004628211624551614,0.003948124852050983,0.008332376092428222,0.0014680537753056454,0.7215686274509804,0.011764705882352941,0.00784313725490196,5.675797598554209
inside_bar_compression,Compression: current range relative to previous range for inside-bar style contraction.,1,Q3,256,0.005141912798812756,0.004141867927311749,0.009016391699909546,0.002372251101409897,0.83203125,0.015625,0.0078125,3.8007745868685
inside_bar_compression,Compression: current range relative to previous range for inside-bar style contraction.,1,Q4,255,0.006566699224293554,0.005708679236467784,0.010785159787057802,0.003391125056212511,0.8901960784313725,0.01568627450980392,0.011764705882352941,3.1804075663029545
inside_bar_compression,Compression: current range relative to previous range for inside-bar style contraction.,1,Q5,256,0.010665906648506633,0.008527048569978213,0.01533116428994843,0.006974563943090898,0.97265625,0.0,0.0078125,2.1981538079001623
inside_bar_compression,Compression: current range relative to previous range for inside-bar style contraction.,4,Q1,256,0.0037597183719069735,0.002473968214740885,0.01086917292972248,-0.0029685849166966325,0.703125,0.15625,0.01953125,3.661398691541364
inside_bar_compression,Compression: current range relative to previous range for inside-bar style contraction.,4,Q2,255,0.004531587768694271,0.003875339193734506,0.011056399777852423,-0.0009137757308772428,0.8352941176470589,0.058823529411764705,0.00784313725490196,12.099686393769794
inside_bar_compression,Compression: current range relative to previous range for inside-bar style contraction.,4,Q3,256,0.005128193081364734,0.00381476689661997,0.012076157332908132,-0.0007424793130958044,0.91015625,0.046875,0.0078125,16.26463811167478
inside_bar_compression,Compression: current range relative to previous range for inside-bar style contraction.,4,Q4,255,0.006010907018004404,0.004444963002551816,0.013294802897690935,0.0004067306329398705,0.9215686274509803,0.0392156862745098,0.011764705882352941,32.68699680079516
inside_bar_compression,Compression: current range relative to previous range for inside-bar style contraction.,4,Q5,256,0.011261459598956717,0.008183394982725134,0.019069658848327124,0.004233167537142964,0.98828125,0.0,0.0078125,4.50482025126687
inside_bar_compression,Compression: current range relative to previous range for inside-bar style contraction.,8,Q1,256,0.0032230576867608093,0.00211798876371605,0.012592214671178235,-0.004799004806044685,0.734375,0.1875,0.01953125,2.6239220797023277
inside_bar_compression,Compression: current range relative to previous range for inside-bar style contraction.,8,Q2,255,0.00397568859225791,0.0029490849162980837,0.012941281027785474,-0.003339635021034385,0.8627450980392157,0.10196078431372549,0.00784313725490196,3.8750584858153667
inside_bar_compression,Compression: current range relative to previous range for inside-bar style contraction.,8,Q3,256,0.005122858658466699,0.003706449772694298,0.014077682523356276,-0.003201790264917155,0.92578125,0.05078125,0.0078125,4.396815955626166
inside_bar_compression,Compression: current range relative to previous range for inside-bar style contraction.,8,Q4,255,0.005937950866335864,0.004663120567375945,0.014934707695222826,-0.0013942902050572451,0.9411764705882353,0.043137254901960784,0.011764705882352941,10.71133372453811
inside_bar_compression,Compression: current range relative to previous range for inside-bar style contraction.,8,Q5,256,0.010859452350489997,0.0077414450677191216,0.021609687531872097,0.001870948446094249,0.98828125,0.0,0.0078125,11.550124524801316
inside_bar_compression,Compression: current range relative to previous range for inside-bar style contraction.,16,Q1,256,0.00380730792818945,0.001437125891355695,0.0157982054126762,-0.0077294307090704055,0.74609375,0.2109375,0.01953125,2.043902844505375
inside_bar_compression,Compression: current range relative to previous range for inside-bar style contraction.,16,Q2,255,0.004767568052603227,0.0036088523186943444,0.015948934696652525,-0.0058608901047290905,0.8784313725490196,0.10980392156862745,0.00784313725490196,2.7212478670745757
inside_bar_compression,Compression: current range relative to previous range for inside-bar style contraction.,16,Q3,256,0.005206521291050727,0.0027903789507862653,0.01736148468617271,-0.006073819193573032,0.9375,0.0546875,0.0078125,2.858413155357611
inside_bar_compression,Compression: current range relative to previous range for inside-bar style contraction.,16,Q4,255,0.007285989193283154,0.004968773736180321,0.018747809640073027,-0.004013156751025157,0.9411764705882353,0.047058823529411764,0.011764705882352941,4.671586684293833
inside_bar_compression,Compression: current range relative to previous range for inside-bar style contraction.,16,Q5,256,0.011057999456208504,0.007521582990756115,0.023969130404080836,-0.0009352792119162404,0.98828125,0.0,0.0078125,25.627780558675997
inside_bar_compression,Compression: current range relative to previous range for inside-bar style contraction.,32,Q1,256,0.004341346528470541,0.003176244945152118,0.020339348039118202,-0.012360003258024131,0.75390625,0.21875,0.01953125,1.6455778865522441
inside_bar_compression,Compression: current range relative to previous range for inside-bar style contraction.,32,Q2,255,0.0045155756292454665,0.0013932180331586164,0.019415497065921706,-0.009994740103430126,0.8784313725490196,0.10980392156862745,0.00784313725490196,1.942571479098135
inside_bar_compression,Compression: current range relative to previous range for inside-bar style contraction.,32,Q3,256,0.005642374351971133,0.0034468112423224895,0.021976768862790076,-0.010725581628019908,0.9375,0.0546875,0.0078125,2.0490048581959552
inside_bar_compression,Compression: current range relative to previous range for inside-bar style contraction.,32,Q4,255,0.00758449578183903,0.006713807785887926,0.023617570126863743,-0.008663732554914443,0.9411764705882353,0.047058823529411764,0.011764705882352941,2.726027145594059
inside_bar_compression,Compression: current range relative to previous range for inside-bar style contraction.,32,Q5,256,0.011836786798398134,0.0084711835604101,0.02881103715616942,-0.004440616044335992,0.9921875,0.0,0.0078125,6.488072120740525
