symbol,prototype,leverage_mode,stress_case,trade_id,event_id,entry_time,exit_time,entry_price,exit_price,min_trade_price,liquidation_price,leverage,net_pnl,trade_return,equity_before,equity_after,liquidation,risk_event,reason
BTCUSDT,P6_MOMENTUM_OR_BREAKOUT_TOP20,adaptive_4x_10x_v1,base,1,BTCUSDT_2024-01-01T18:00:00+00:00,2024-01-01 18:01:00+00:00,2024-01-03 07:45:00+00:00,42883.575,45021.39392,42861.8,38809.635375,10.0,488.26769585791425,0.48826769585791424,1000.0,1488.2676958579143,False,,all_raise_conditions_met
BTCUSDT,P6_MOMENTUM_OR_BREAKOUT_TOP20,adaptive_4x_10x_v1,base,2,BTCUSDT_2024-01-08T11:45:00+00:00,2024-01-08 11:46:00+00:00,2024-01-09 08:45:00+00:00,44293.957019999994,46542.88956,44272.1,33441.937550099996,4.0,296.1504546352126,0.19899004423696517,1488.2676958579143,1784.4181504931269,False,,default_4x
BTCUSDT,P6_MOMENTUM_OR_BREAKOUT_TOP20,adaptive_4x_10x_v1,base,3,BTCUSDT_2024-01-09T21:00:00+00:00,2024-01-09 21:01:00+00:00,2024-01-09 21:15:00+00:00,46700.03814,45890.3201,46246.0,31366.858950700003,3.0,-98.12532833574542,-0.05499009764534637,1784.4181504931269,1686.2928221573814,False,,atr_pct_rank_gt_80pct
BTCUSDT,P6_MOMENTUM_OR_BREAKOUT_TOP20,adaptive_4x_10x_v1,base,4,BTCUSDT_2024-01-11T14:00:00+00:00,2024-01-11 14:01:00+00:00,2024-01-11 16:00:00+00:00,47330.064119999995,46099.07834000001,46488.1,31790.0264006,3.0,-136.56712522199902,-0.08098660175003297,1686.2928221573814,1549.7256969353823,False,,atr_pct_rank_gt_80pct
BTCUSDT,P6_MOMENTUM_OR_BREAKOUT_TOP20,adaptive_4x_10x_v1,base,5,BTCUSDT_2024-01-26T10:30:00+00:00,2024-01-26 10:31:00+00:00,2024-01-26 23:45:00+00:00,40327.0638,41798.03872,40281.200000000004,20365.167219000003,2.0,109.89998940622647,0.07091576891546432,1549.7256969353823,1659.6256863416088,False,,drawdown_gt_10pct
BTCUSDT,P6_MOMENTUM_OR_BREAKOUT_TOP20,adaptive_4x_10x_v1,base,6,BTCUSDT_2024-01-28T04:45:00+00:00,2024-01-28 04:46:00+00:00,2024-01-28 15:30:00+00:00,42504.29916,42192.15988,42220.1,32090.745865800003,4.0,-55.36537130722215,-0.03336015570430622,1659.6256863416088,1604.2603150343866,False,,default_4x
BTCUSDT,P6_MOMENTUM_OR_BREAKOUT_TOP20,adaptive_4x_10x_v1,base,7,BTCUSDT_2024-01-29T15:45:00+00:00,2024-01-29 15:46:00+00:00,2024-01-30 06:30:00+00:00,42117.82188,43290.44018,42109.3,21269.5000494,2.0,86.07645788702979,0.053654919392046904,1604.2603150343866,1690.3367729214165,False,,drawdown_gt_10pct
BTCUSDT,P6_MOMENTUM_OR_BREAKOUT_TOP20,adaptive_4x_10x_v1,base,8,BTCUSDT_2024-02-07T17:15:00+00:00,2024-02-07 17:16:00+00:00,2024-02-08 06:45:00+00:00,43277.55378,44441.01002,43264.4,32674.5531039,4.0,174.91708692666202,0.10348061388048256,1690.3367729214165,1865.2538598480785,False,,default_4x
BTCUSDT,P6_MOMENTUM_OR_BREAKOUT_TOP20,adaptive_4x_10x_v1,base,9,BTCUSDT_2024-02-09T02:45:00+00:00,2024-02-09 02:46:00+00:00,2024-02-09 22:30:00+00:00,46095.7173,47209.35624,45830.1,41716.624156499995,10.0,431.75388595811785,0.23147191663942376,1865.2538598480785,2297.0077458061965,False,,all_raise_conditions_met
BTCUSDT,P6_MOMENTUM_OR_BREAKOUT_TOP20,adaptive_4x_10x_v1,base,10,BTCUSDT_2024-02-10T20:30:00+00:00,2024-02-10 20:31:00+00:00,2024-02-13 03:30:00+00:00,47591.21634,49790.339940000005,47539.4,43070.0507877,10.0,1037.9143944040475,0.451854982334752,2297.0077458061965,3334.922140210244,False,,all_raise_conditions_met
BTCUSDT,P6_MOMENTUM_OR_BREAKOUT_TOP20,adaptive_4x_10x_v1,base,11,BTCUSDT_2024-02-14T08:45:00+00:00,2024-02-14 08:46:00+00:00,2024-02-15 07:30:00+00:00,49823.36268,51741.549620000005,49813.4,37616.6388234,4.0,499.97818075167066,0.14992199509645837,3334.922140210244,3834.9003209619145,False,,default_4x
BTCUSDT,P6_MOMENTUM_OR_BREAKOUT_TOP20,adaptive_4x_10x_v1,base,12,BTCUSDT_2024-02-18T22:00:00+00:00,2024-02-18 22:01:00+00:00,2024-02-19 16:45:00+00:00,51897.77748,51798.73818,51885.0,46967.4886194,10.0,-111.49586206738923,-0.0290739922125075,3834.9003209619145,3723.4044588945253,False,,all_raise_conditions_met
BTCUSDT,P6_MOMENTUM_OR_BREAKOUT_TOP20,adaptive_4x_10x_v1,base,13,BTCUSDT_2024-02-20T13:30:00+00:00,2024-02-20 13:31:00+00:00,2024-02-20 14:40:00+00:00,52369.77186,51810.51482705658,51777.0,47394.643533300004,10.0,-434.65776559130785,-0.11673665066200122,3723.4044588945253,3288.7466933032174,False,,all_raise_conditions_met
BTCUSDT,P6_MOMENTUM_OR_BREAKOUT_TOP20,adaptive_4x_10x_v1,base,14,BTCUSDT_2024-02-25T20:00:00+00:00,2024-02-25 20:01:00+00:00,2024-02-26 01:00:00+00:00,51720.04194,51564.685,51652.50000000001,26118.621179700003,2.0,-26.32512462355704,-0.008004606945607015,3288.7466933032174,3262.42156867966,False,,drawdown_gt_10pct
BTCUSDT,P6_MOMENTUM_OR_BREAKOUT_TOP20,adaptive_4x_10x_v1,base,15,BTCUSDT_2024-02-26T16:00:00+00:00,2024-02-26 16:01:00+00:00,2024-02-29 16:30:00+00:00,52872.77243999999,61918.21388,52777.2,26700.750082199997,2.0,1109.1831808339593,0.3399876924191801,3262.42156867966,4371.604749513619,False,,drawdown_gt_10pct
BTCUSDT,P6_MOMENTUM_OR_BREAKOUT_TOP20,adaptive_4x_10x_v1,base,16,BTCUSDT_2024-03-03T12:00:00+00:00,2024-03-03 12:01:00+00:00,2024-03-05 04:45:00+00:00,61904.3784,67436.60998000001,61892.0,56023.462452,10.0,3861.11881400991,0.8832268778277576,4371.604749513619,8232.723563523528,False,,all_raise_conditions_met
BTCUSDT,P6_MOMENTUM_OR_BREAKOUT_TOP20,adaptive_4x_10x_v1,base,17,BTCUSDT_2024-03-08T15:15:00+00:00,2024-03-08 15:16:00+00:00,2024-03-08 15:32:00+00:00,68902.67778,67686.09499587257,67219.4,46279.6319089,3.0,-460.5643306800067,-0.05594313074237239,8232.723563523528,7772.159232843522,False,,atr_pct_rank_gt_80pct
BTCUSDT,P6_MOMENTUM_OR_BREAKOUT_TOP20,adaptive_4x_10x_v1,base,18,BTCUSDT_2024-03-10T01:00:00+00:00,2024-03-10 01:01:00+00:00,2024-03-10 14:30:00+00:00,68396.67659999999,68931.11102,68370.3,51639.490832999996,4.0,211.70868968882232,0.027239365965919176,7772.159232843522,7983.867922532344,False,,default_4x
BTCUSDT,P6_MOMENTUM_OR_BREAKOUT_TOP20,adaptive_4x_10x_v1,base,19,BTCUSDT_2024-03-11T07:00:00+00:00,2024-03-11 07:01:00+00:00,2024-03-12 03:15:00+00:00,69463.89,71722.85256,69430.1,52445.23695,4.0,1006.0853527482977,0.1260147791158831,7983.867922532344,8989.95327528064,False,,default_4x
BTCUSDT,P6_MOMENTUM_OR_BREAKOUT_TOP20,adaptive_4x_10x_v1,base,20,BTCUSDT_2024-03-20T22:00:00+00:00,2024-03-20 22:01:00+00:00,2024-03-21 03:15:00+00:00,67728.0429,67245.14828000001,67404.0,45490.66881450001,3.0,-219.16629507743482,-0.024379024936655534,8989.95327528064,8770.786980203206,False,,atr_pct_rank_gt_80pct
BTCUSDT,P6_MOMENTUM_OR_BREAKOUT_TOP20,adaptive_4x_10x_v1,base,21,BTCUSDT_2024-03-24T23:00:00+00:00,2024-03-24 23:01:00+00:00,2024-03-26 14:15:00+00:00,67047.20676,69619.77326,66427.6,45033.3738738,3.0,982.7744662669098,0.11205088762104909,8770.786980203206,9753.561446470116,False,,atr_pct_rank_gt_80pct
BTCUSDT,P6_MOMENTUM_OR_BREAKOUT_TOP20,adaptive_4x_10x_v1,base,22,BTCUSDT_2024-03-27T13:00:00+00:00,2024-03-27 13:01:00+00:00,2024-03-27 14:00:00+00:00,70327.0626,69281.6409,69619.8,53096.932263,4.0,-618.6765333462369,-0.06343083362335718,9753.561446470116,9134.884913123879,False,,default_4x
BTCUSDT,P6_MOMENTUM_OR_BREAKOUT_TOP20,adaptive_4x_10x_v1,base,23,BTCUSDT_2024-03-31T18:30:00+00:00,2024-03-31 18:31:00+00:00,2024-04-01 03:00:00+00:00,70641.02537999999,70755.846,70593.0,53333.97416189999,4.0,22.822492941996448,0.0024983886670764616,9134.884913123879,9157.707406065874,False,,default_4x
BTCUSDT,P6_MOMENTUM_OR_BREAKOUT_TOP20,adaptive_4x_10x_v1,base,24,BTCUSDT_2024-04-04T17:45:00+00:00,2024-04-04 17:46:00+00:00,2024-04-05 05:15:00+00:00,68096.51658,66659.96534000001,67291.3,51412.8700179,4.0,-809.0015077237051,-0.08834105217074739,9157.707406065874,8348.705898342168,False,,default_4x
BTCUSDT,P6_MOMENTUM_OR_BREAKOUT_TOP20,adaptive_4x_10x_v1,base,25,BTCUSDT_2024-04-06T22:45:00+00:00,2024-04-06 22:46:00+00:00,2024-04-07 19:45:00+00:00,68718.84102,69076.08202,68693.7,34703.014715100006,2.0,70.06216533122729,0.008391979090452783,8348.705898342168,8418.768063673395,False,,drawdown_gt_10pct
BTCUSDT,P6_MOMENTUM_OR_BREAKOUT_TOP20,adaptive_4x_10x_v1,base,26,BTCUSDT_2024-04-08T07:30:00+00:00,2024-04-08 07:31:00+00:00,2024-04-08 14:30:00+00:00,70186.5345,71445.708,70141.9,35444.199922499996,2.0,285.08332031840575,0.03386283101782165,8418.768063673395,8703.851383991801,False,,drawdown_gt_10pct
BTCUSDT,P6_MOMENTUM_OR_BREAKOUT_TOP20,adaptive_4x_10x_v1,base,27,BTCUSDT_2024-04-20T15:30:00+00:00,2024-04-20 15:31:00+00:00,2024-04-21 16:00:00+00:00,63927.783,64473.70268,63915.00000000001,32283.530415,2.0,131.1733284382822,0.015070722448172463,8703.851383991801,8835.024712430084,False,,drawdown_gt_10pct
BTCUSDT,P6_MOMENTUM_OR_BREAKOUT_TOP20,adaptive_4x_10x_v1,base,28,BTCUSDT_2024-05-03T12:30:00+00:00,2024-05-03 12:31:00+00:00,2024-05-05 00:30:00+00:00,59753.9484,63419.01366,59530.1,40134.73534200001,3.0,1598.3960013720514,0.18091584951915893,8835.024712430084,10433.420713802136,False,,atr_pct_rank_gt_80pct
BTCUSDT,P6_MOMENTUM_OR_BREAKOUT_TOP20,adaptive_4x_10x_v1,base,29,BTCUSDT_2024-05-06T08:15:00+00:00,2024-05-06 08:16:00+00:00,2024-05-06 10:45:00+00:00,64474.79238,63969.2036,64000.0,48678.468246899996,4.0,-368.83100229246884,-0.035350918208881456,10433.420713802136,10064.589711509667,False,,default_4x
BTCUSDT,P6_MOMENTUM_OR_BREAKOUT_TOP20,adaptive_4x_10x_v1,base,30,BTCUSDT_2024-05-13T07:45:00+00:00,2024-05-13 07:46:00+00:00,2024-05-14 01:45:00+00:00,61696.63686,62614.774540000006,61623.0,46580.9608293,4.0,558.5463202039168,0.05549618377042973,10064.589711509667,10623.136031713584,False,,default_4x
BTCUSDT,P6_MOMENTUM_OR_BREAKOUT_TOP20,adaptive_4x_10x_v1,base,31,BTCUSDT_2024-05-15T12:30:00+00:00,2024-05-15 12:31:00+00:00,2024-05-16 13:00:00+00:00,63621.82182,65842.92878,63243.0,42732.6569891,3.0,1080.169974387478,0.10168089452707868,10623.136031713584,11703.306006101062,False,,atr_pct_rank_gt_80pct
BTCUSDT,P6_MOMENTUM_OR_BREAKOUT_TOP20,adaptive_4x_10x_v1,base,32,BTCUSDT_2024-05-17T07:00:00+00:00,2024-05-17 07:01:00+00:00,2024-05-17 13:30:00+00:00,65997.99696,65886.72002,65945.0,59728.18724880001,10.0,-314.2597921073571,-0.026852223802704127,11703.306006101062,11389.046213993704,False,,all_raise_conditions_met
BTCUSDT,P6_MOMENTUM_OR_BREAKOUT_TOP20,adaptive_4x_10x_v1,base,33,BTCUSDT_2024-05-17T15:15:00+00:00,2024-05-17 15:16:00+00:00,2024-05-18 14:30:00+00:00,66932.98392,66640.16930000001,66158.4,50534.4028596,4.0,-244.75314901207315,-0.021490223537010966,11389.046213993704,11144.293064981632,False,,default_4x
BTCUSDT,P6_MOMENTUM_OR_BREAKOUT_TOP20,adaptive_4x_10x_v1,base,34,BTCUSDT_2024-05-19T02:45:00+00:00,2024-05-19 02:46:00+00:00,2024-05-19 12:15:00+00:00,67008.79908,66849.02751999999,66895.0,60642.9631674,10.0,-377.0275765439574,-0.03383144846833574,11144.293064981632,10767.265488437673,False,,all_raise_conditions_met
BTCUSDT,P6_MOMENTUM_OR_BREAKOUT_TOP20,adaptive_4x_10x_v1,base,35,BTCUSDT_2024-05-20T19:30:00+00:00,2024-05-20 19:31:00+00:00,2024-05-21 13:45:00+00:00,69403.47792,70608.77541999999,68900.0,35048.7563496,2.0,352.2585319850199,0.03271569112541057,10767.265488437673,11119.524020422694,False,,recent_3_losses
BTCUSDT,P6_MOMENTUM_OR_BREAKOUT_TOP20,adaptive_4x_10x_v1,base,36,BTCUSDT_2024-06-03T06:15:00+00:00,2024-06-03 06:16:00+00:00,2024-06-03 14:45:00+00:00,68931.7836,68806.33598,68785.6,62383.264158,10.0,-313.45612657171955,-0.028189707220921487,11119.524020422694,10806.067893850974,False,,all_raise_conditions_met
BTCUSDT,P6_MOMENTUM_OR_BREAKOUT_TOP20,adaptive_4x_10x_v1,base,37,BTCUSDT_2024-06-05T15:15:00+00:00,2024-06-05 15:16:00+00:00,2024-06-05 23:15:00+00:00,71032.90374,70870.823,70909.2,53629.842323699995,4.0,-141.80279847289603,-0.013122515966569739,10806.067893850974,10664.265095378078,False,,default_4x
BTCUSDT,P6_MOMENTUM_OR_BREAKOUT_TOP20,adaptive_4x_10x_v1,base,38,BTCUSDT_2024-06-20T10:45:00+00:00,2024-06-20 10:46:00+00:00,2024-06-20 13:15:00+00:00,65773.85214,65327.13196,65703.3,49659.2583657,4.0,-332.2286939010792,-0.031153454169576867,10664.265095378078,10332.036401476998,False,,default_4x
BTCUSDT,P6_MOMENTUM_OR_BREAKOUT_TOP20,adaptive_4x_10x_v1,base,39,BTCUSDT_2024-06-30T18:45:00+00:00,2024-06-30 18:46:00+00:00,2024-07-01 08:15:00+00:00,61845.46662,63092.379,61825.4,31231.9606431,2.0,395.7513326036041,0.03830332349071381,10332.036401476998,10727.787734080603,False,,drawdown_gt_10pct
BTCUSDT,P6_MOMENTUM_OR_BREAKOUT_TOP20,adaptive_4x_10x_v1,base,40,BTCUSDT_2024-07-13T09:45:00+00:00,2024-07-13 09:46:00+00:00,2024-07-13 22:15:00+00:00,58310.459760000005,58363.42498,58272.9,44024.39711880001,4.0,-3.9530950425688474,-0.00036849116896771236,10727.787734080603,10723.834639038034,False,,default_4x
BTCUSDT,P6_MOMENTUM_OR_BREAKOUT_TOP20,adaptive_4x_10x_v1,base,41,BTCUSDT_2024-07-13T22:45:00+00:00,2024-07-13 22:46:00+00:00,2024-07-14 12:15:00+00:00,58845.16668,59738.05,58810.6,44428.1008434,4.0,607.6488640724856,0.056663393695055506,10723.834639038034,11331.48350311052,False,,default_4x
BTCUSDT,P6_MOMENTUM_OR_BREAKOUT_TOP20,adaptive_4x_10x_v1,base,42,BTCUSDT_2024-07-14T21:15:00+00:00,2024-07-14 21:16:00+00:00,2024-07-15 10:45:00+00:00,60252.14802,62506.29624,60235.4,54528.193958100004,10.0,4123.890440760442,0.3639320870588943,11331.48350311052,15455.373943870962,False,,all_raise_conditions_met
BTCUSDT,P6_MOMENTUM_OR_BREAKOUT_TOP20,adaptive_4x_10x_v1,base,43,BTCUSDT_2024-07-27T13:00:00+00:00,2024-07-27 13:01:00+00:00,2024-07-27 19:00:00+00:00,68385.47436000001,68280.54116,68364.0,61888.85429580001,10.0,-391.58813444362187,-0.025336697505071462,15455.373943870962,15063.78580942734,False,,all_raise_conditions_met
BTCUSDT,P6_MOMENTUM_OR_BREAKOUT_TOP20,adaptive_4x_10x_v1,base,44,BTCUSDT_2024-07-28T18:15:00+00:00,2024-07-28 18:16:00+00:00,2024-07-29 13:30:00+00:00,67983.49398,69317.23378000001,67771.6,61525.0620519,10.0,2803.1857705176812,0.1860877342509324,15063.78580942734,17866.97157994502,False,,all_raise_conditions_met
BTCUSDT,P6_MOMENTUM_OR_BREAKOUT_TOP20,adaptive_4x_10x_v1,base,45,BTCUSDT_2024-08-08T12:30:00+00:00,2024-08-08 12:31:00+00:00,2024-08-09 04:45:00+00:00,57573.11232,60687.66004,56645.0,38669.9404416,3.0,2844.611962167761,0.15921063899607513,17866.97157994502,20711.58354211278,False,,atr_pct_rank_gt_80pct
BTCUSDT,P6_MOMENTUM_OR_BREAKOUT_TOP20,adaptive_4x_10x_v1,base,46,BTCUSDT_2024-08-14T12:15:00+00:00,2024-08-14 12:16:00+00:00,2024-08-14 13:30:00+00:00,61183.2342,60107.87602,60559.1,46193.341821,4.0,-1538.2276907409928,-0.07426895619126951,20711.58354211278,19173.355851371787,False,,default_4x
BTCUSDT,P6_MOMENTUM_OR_BREAKOUT_TOP20,adaptive_4x_10x_v1,base,47,BTCUSDT_2024-08-18T02:45:00+00:00,2024-08-18 02:46:00+00:00,2024-08-18 17:15:00+00:00,59660.229660000005,59398.118,59214.0,45043.4733933,4.0,-413.47036030531933,-0.021564840475004118,19173.355851371787,18759.885491066467,False,,default_4x
BTCUSDT,P6_MOMENTUM_OR_BREAKOUT_TOP20,adaptive_4x_10x_v1,base,48,BTCUSDT_2024-08-21T18:15:00+00:00,2024-08-21 18:16:00+00:00,2024-08-22 00:45:00+00:00,60004.9986,60779.241720000005,59974.8,45303.773943,4.0,892.7098293229077,0.04758610225782133,18759.885491066467,19652.595320389373,False,,default_4x
BTCUSDT,P6_MOMENTUM_OR_BREAKOUT_TOP20,adaptive_4x_10x_v1,base,49,BTCUSDT_2024-08-23T14:00:00+00:00,2024-08-23 14:01:00+00:00,2024-08-24 11:45:00+00:00,61332.56406,63868.92366,60749.99999999999,46306.085865299996,4.0,3170.6342276764617,0.1613341228467143,19652.595320389373,22823.229548065836,False,,default_4x
BTCUSDT,P6_MOMENTUM_OR_BREAKOUT_TOP20,adaptive_4x_10x_v1,base,50,BTCUSDT_2024-09-03T02:00:00+00:00,2024-09-03 02:01:00+00:00,2024-09-03 06:00:00+00:00,59332.66416,58930.2116,58970.0,53696.0610648,10.0,-1775.5544418029592,-0.07779593322074041,22823.229548065836,21047.675106262875,False,,all_raise_conditions_met
BTCUSDT,P6_MOMENTUM_OR_BREAKOUT_TOP20,adaptive_4x_10x_v1,base,51,BTCUSDT_2024-09-13T15:15:00+00:00,2024-09-13 15:16:00+00:00,2024-09-14 04:00:00+00:00,58471.59198,60242.949,58381.9,39273.4192799,3.0,1848.7754457933252,0.08783751347640338,21047.675106262875,22896.4505520562,False,,atr_pct_rank_gt_80pct
BTCUSDT,P6_MOMENTUM_OR_BREAKOUT_TOP20,adaptive_4x_10x_v1,base,52,BTCUSDT_2024-09-17T14:00:00+00:00,2024-09-17 14:01:00+00:00,2024-09-17 19:45:00+00:00,58944.7866,59934.0108,58904.6,44503.313883,4.0,1444.6584985698314,0.0630953035836419,22896.4505520562,24341.109050626033,False,,default_4x
BTCUSDT,P6_MOMENTUM_OR_BREAKOUT_TOP20,adaptive_4x_10x_v1,base,53,BTCUSDT_2024-09-18T23:45:00+00:00,2024-09-18 23:46:00+00:00,2024-09-19 21:45:00+00:00,61215.84072,62836.63016,61117.0,46217.959743600004,4.0,2479.2292125722365,0.10185358470790273,24341.109050626033,26820.33826319827,False,,default_4x
BTCUSDT,P6_MOMENTUM_OR_BREAKOUT_TOP20,adaptive_4x_10x_v1,base,54,BTCUSDT_2024-09-26T10:15:00+00:00,2024-09-26 10:16:00+00:00,2024-09-28 06:30:00+00:00,63916.7808,65727.3519,63900.0,57844.686624,10.0,7325.397027058086,0.27312843541237825,26820.33826319827,34145.73529025636,False,,all_raise_conditions_met
BTCUSDT,P6_MOMENTUM_OR_BREAKOUT_TOP20,adaptive_4x_10x_v1,base,55,BTCUSDT_2024-10-04T12:45:00+00:00,2024-10-04 12:46:00+00:00,2024-10-04 14:15:00+00:00,61408.87932,60915.614440000005,61118.0,55575.035784600004,10.0,-3082.83136279545,-0.09028452123200141,34145.73529025636,31062.90392746091,False,,all_raise_conditions_met
BTCUSDT,P6_MOMENTUM_OR_BREAKOUT_TOP20,adaptive_4x_10x_v1,base,56,BTCUSDT_2024-10-07T00:30:00+00:00,2024-10-07 00:31:00+00:00,2024-10-07 09:15:00+00:00,62741.94588,63087.380000000005,62673.0,47370.1691394,4.0,559.4901228647302,0.01801152024199893,31062.90392746091,31622.394050325638,False,,default_4x
BTCUSDT,P6_MOMENTUM_OR_BREAKOUT_TOP20,adaptive_4x_10x_v1,base,57,BTCUSDT_2024-10-11T15:00:00+00:00,2024-10-11 15:01:00+00:00,2024-10-13 01:15:00+00:00,61773.3522,62891.4192,61752.4,46638.880911,4.0,2161.7642428000213,0.06836181471142473,31622.394050325638,33784.158293125656,False,,default_4x
BTCUSDT,P6_MOMENTUM_OR_BREAKOUT_TOP20,adaptive_4x_10x_v1,base,58,BTCUSDT_2024-10-14T03:15:00+00:00,2024-10-14 03:16:00+00:00,2024-10-15 03:00:00+00:00,62785.0545,65652.8668,62751.5,56820.4743225,10.0,15085.921629032484,0.44653833012918787,33784.158293125656,48870.07992215814,False,,all_raise_conditions_met
BTCUSDT,P6_MOMENTUM_OR_BREAKOUT_TOP20,adaptive_4x_10x_v1,base,59,BTCUSDT_2024-10-15T13:30:00+00:00,2024-10-15 13:31:00+00:00,2024-10-15 15:06:00+00:00,65818.161,65083.21318208571,64771.7,59565.435704999996,10.0,-5942.970498550719,-0.12160754613082025,48870.07992215814,42927.10942360742,False,,all_raise_conditions_met
BTCUSDT,P6_MOMENTUM_OR_BREAKOUT_TOP20,adaptive_4x_10x_v1,base,60,BTCUSDT_2024-10-24T21:00:00+00:00,2024-10-24 21:01:00+00:00,2024-10-25 01:00:00+00:00,68203.53798,67830.4312,67883.4,34442.7866799,2.0,-555.2840416419708,-0.012935509730282393,42927.10942360742,42371.82538196545,False,,drawdown_gt_10pct
BTCUSDT,P6_MOMENTUM_OR_BREAKOUT_TOP20,adaptive_4x_10x_v1,base,61,BTCUSDT_2024-10-28T07:00:00+00:00,2024-10-28 07:01:00+00:00,2024-10-30 11:45:00+00:00,67958.38896,71980.601,67944.8,34318.9864248,2.0,4928.419685856017,0.11631360323583512,42371.82538196545,47300.24506782147,False,,drawdown_gt_10pct
BTCUSDT,P6_MOMENTUM_OR_BREAKOUT_TOP20,adaptive_4x_10x_v1,base,62,BTCUSDT_2024-10-30T20:45:00+00:00,2024-10-30 20:46:00+00:00,2024-10-31 12:15:00+00:00,72558.90887999999,72098.47742,72030.5,54781.976204399994,4.0,-1389.198718411861,-0.029369799594483242,47300.24506782147,45911.046349409604,False,,default_4x
BTCUSDT,P6_MOMENTUM_OR_BREAKOUT_TOP20,adaptive_4x_10x_v1,base,63,BTCUSDT_2024-11-05T14:30:00+00:00,2024-11-05 14:31:00+00:00,2024-11-05 19:45:00+00:00,69459.28907999999,68942.10882,69180.0,52441.763255399994,4.0,-1550.3391262042796,-0.03376832482547452,45911.046349409604,44360.707223205325,False,,default_4x
BTCUSDT,P6_MOMENTUM_OR_BREAKOUT_TOP20,adaptive_4x_10x_v1,base,64,BTCUSDT_2024-11-06T00:30:00+00:00,2024-11-06 00:31:00+00:00,2024-11-07 04:00:00+00:00,70478.79294,74862.82444000001,70450.6,47338.2559247,3.0,8140.959913586718,0.18351736081719044,44360.707223205325,52501.66713679204,False,,atr_pct_rank_gt_80pct
BTCUSDT,P6_MOMENTUM_OR_BREAKOUT_TOP20,adaptive_4x_10x_v1,base,65,BTCUSDT_2024-11-10T04:45:00+00:00,2024-11-10 04:46:00+00:00,2024-11-10 20:45:00+00:00,78096.6162,78999.6969,77947.0,52454.89388100001,3.0,1662.9145504385103,0.031673557072117726,52501.66713679204,54164.58168723055,False,,atr_pct_rank_gt_80pct
BTCUSDT,P6_MOMENTUM_OR_BREAKOUT_TOP20,adaptive_4x_10x_v1,base,66,BTCUSDT_2024-11-11T15:15:00+00:00,2024-11-11 15:16:00+00:00,2024-11-12 09:45:00+00:00,83008.99848,87757.54498,82860.2,55754.3773124,3.0,9128.345970565217,0.16852979726265013,54164.58168723055,63292.927657795764,False,,atr_pct_rank_gt_80pct
BTCUSDT,P6_MOMENTUM_OR_BREAKOUT_TOP20,adaptive_4x_10x_v1,base,67,BTCUSDT_2024-11-13T13:30:00+00:00,2024-11-13 13:31:00+00:00,2024-11-13 21:00:00+00:00,88757.14787999999,88636.46916,88254.6,67011.64664939999,4.0,-597.2246966676134,-0.009435883577650456,63292.927657795764,62695.702961128154,False,,default_4x
BTCUSDT,P6_MOMENTUM_OR_BREAKOUT_TOP20,adaptive_4x_10x_v1,base,68,BTCUSDT_2024-11-18T06:45:00+00:00,2024-11-18 06:46:00+00:00,2024-11-18 11:30:00+00:00,91573.21098,90372.4219,90882.00000000001,82873.75593690001,10.0,-8844.062503540921,-0.14106329598097514,62695.702961128154,53851.64045758723,False,,all_raise_conditions_met
BTCUSDT,P6_MOMENTUM_OR_BREAKOUT_TOP20,adaptive_4x_10x_v1,base,69,BTCUSDT_2024-11-21T03:15:00+00:00,2024-11-21 03:16:00+00:00,2024-11-21 15:15:00+00:00,94918.87998,96175.66102,94804.6,47934.0343899,2.0,1317.6376176267395,0.024467919759370967,53851.64045758723,55169.278075213966,False,,drawdown_gt_10pct
BTCUSDT,P6_MOMENTUM_OR_BREAKOUT_TOP20,adaptive_4x_10x_v1,base,70,BTCUSDT_2024-11-29T14:45:00+00:00,2024-11-29 14:46:00+00:00,2024-11-30 01:00:00+00:00,97581.61242,96832.6296,96903.2,49278.714272100005,2.0,-956.8132151598206,-0.017343225225013238,55169.278075213966,54212.46486005415,False,,drawdown_gt_10pct
BTCUSDT,P6_MOMENTUM_OR_BREAKOUT_TOP20,adaptive_4x_10x_v1,base,71,BTCUSDT_2024-12-04T20:00:00+00:00,2024-12-04 20:01:00+00:00,2024-12-05 15:15:00+00:00,97379.37198,102105.27486,97189.3,49176.5828499,2.0,5150.897187179873,0.09501315242678172,54212.46486005415,59363.36204723402,False,,drawdown_gt_10pct
BTCUSDT,P6_MOMENTUM_OR_BREAKOUT_TOP20,adaptive_4x_10x_v1,base,72,BTCUSDT_2024-12-08T23:45:00+00:00,2024-12-08 23:46:00+00:00,2024-12-09 00:34:00+00:00,100705.83714,99919.39212114342,99413.60000000002,76032.9070407,4.0,-2090.878381624121,-0.03522169751707221,59363.36204723402,57272.4836656099,False,,default_4x
BTCUSDT,P6_MOMENTUM_OR_BREAKOUT_TOP20,adaptive_4x_10x_v1,base,73,BTCUSDT_2024-12-11T14:45:00+00:00,2024-12-11 14:46:00+00:00,2024-12-12 01:30:00+00:00,99044.70498,100502.19554,98983.1,74778.7522599,4.0,3140.3932600255825,0.054832496497987174,57272.4836656099,60412.87692563548,False,,default_4x
BTCUSDT,P6_MOMENTUM_OR_BREAKOUT_TOP20,adaptive_4x_10x_v1,base,74,BTCUSDT_2024-12-14T01:15:00+00:00,2024-12-14 01:16:00+00:00,2024-12-14 10:00:00+00:00,102000.29598,101328.33028,101455.0,92310.26786189999,10.0,-4582.06658325429,-0.07584585963178894,60412.87692563548,55830.81034238119,False,,all_raise_conditions_met
BTCUSDT,P6_MOMENTUM_OR_BREAKOUT_TOP20,adaptive_4x_10x_v1,base,75,BTCUSDT_2024-12-15T12:30:00+00:00,2024-12-15 12:31:00+00:00,2024-12-15 21:15:00+00:00,102811.45818,102667.76234,102438.00000000001,51919.786380900005,2.0,-267.6489785995834,-0.004793929677148371,55830.81034238119,55563.16136378161,False,,drawdown_gt_10pct
BTCUSDT,P6_MOMENTUM_OR_BREAKOUT_TOP20,adaptive_4x_10x_v1,base,76,BTCUSDT_2024-12-15T23:15:00+00:00,2024-12-15 23:16:00+00:00,2024-12-16 10:00:00+00:00,103833.16248,104390.21778,103807.4,52435.7470524,2.0,484.7580153161286,0.008724449858825242,55563.16136378161,56047.91937909774,False,,drawdown_gt_10pct
BTCUSDT,P6_MOMENTUM_OR_BREAKOUT_TOP20,adaptive_4x_10x_v1,base,77,BTCUSDT_2024-12-24T15:45:00+00:00,2024-12-24 15:46:00+00:00,2024-12-26 05:00:00+00:00,98007.99768,98056.78472,97226.20000000001,49494.0388284,2.0,-56.323964149640815,-0.001004925156430446,56047.91937909774,55991.5954149481,False,,drawdown_gt_10pct
BTCUSDT,P6_MOMENTUM_OR_BREAKOUT_TOP20,adaptive_4x_10x_v1,base,78,BTCUSDT_2025-01-06T14:45:00+00:00,2025-01-06 14:46:00+00:00,2025-01-07 03:30:00+00:00,99771.25026,101560.78378,99685.7,50384.4813813,2.0,1895.5838618817295,0.03385479281013066,55991.5954149481,57887.179276829826,False,,drawdown_gt_10pct
BTCUSDT,P6_MOMENTUM_OR_BREAKOUT_TOP20,adaptive_4x_10x_v1,base,79,BTCUSDT_2025-01-14T08:00:00+00:00,2025-01-14 08:01:00+00:00,2025-01-14 16:30:00+00:00,94848.16584,95396.01698,94829.1,71610.3652092,4.0,1105.2278077265923,0.019092790865506477,57887.179276829826,58992.40708455642,False,,default_4x
BTCUSDT,P6_MOMENTUM_OR_BREAKOUT_TOP20,adaptive_4x_10x_v1,base,80,BTCUSDT_2025-01-15T13:30:00+00:00,2025-01-15 13:31:00+00:00,2025-01-16 03:30:00+00:00,98156.72742,99401.6157,97850.99999999999,74108.3292021,4.0,2755.25628718686,0.046705269768660726,58992.40708455642,61747.66337174328,False,,default_4x
BTCUSDT,P6_MOMENTUM_OR_BREAKOUT_TOP20,adaptive_4x_10x_v1,base,81,BTCUSDT_2025-01-17T01:30:00+00:00,2025-01-17 01:31:00+00:00,2025-01-17 23:45:00+00:00,100195.33506,104021.6915,100158.7,90676.7782293,10.0,22951.52834753339,0.371698734725505,61747.66337174328,84699.19171927667,False,,all_raise_conditions_met
BTCUSDT,P6_MOMENTUM_OR_BREAKOUT_TOP20,adaptive_4x_10x_v1,base,82,BTCUSDT_2025-01-19T19:45:00+00:00,2025-01-19 19:46:00+00:00,2025-01-19 21:15:00+00:00,105525.40086,104384.81886,105480.2,95500.4877783,10.0,-9997.212576474023,-0.11803197142197473,84699.19171927667,74701.97914280265,False,,all_raise_conditions_met
BTCUSDT,P6_MOMENTUM_OR_BREAKOUT_TOP20,adaptive_4x_10x_v1,base,83,BTCUSDT_2025-01-24T14:30:00+00:00,2025-01-24 14:31:00+00:00,2025-01-24 20:15:00+00:00,105112.91838,105142.9672,104623.00000000001,53082.0237819,2.0,-106.71493382845551,-0.0014285422562159416,74701.97914280265,74595.2642089742,False,,drawdown_gt_10pct
BTCUSDT,P6_MOMENTUM_OR_BREAKOUT_TOP20,adaptive_4x_10x_v1,base,84,BTCUSDT_2025-01-29T19:30:00+00:00,2025-01-29 19:31:00+00:00,2025-01-30 14:00:00+00:00,101771.15016,104764.44292,101709.9,51394.4308308,2.0,4236.606845474398,0.0567945819402931,74595.2642089742,78831.8710544486,False,,drawdown_gt_10pct
BTCUSDT,P6_MOMENTUM_OR_BREAKOUT_TOP20,adaptive_4x_10x_v1,base,85,BTCUSDT_2025-02-21T13:00:00+00:00,2025-02-21 13:01:00+00:00,2025-02-21 14:40:00+00:00,98954.88702,98295.19547688172,98289.89999999998,74710.9397001,4.0,-2416.435084612421,-0.03065302208726477,78831.8710544486,76415.43596983618,False,,default_4x
BTCUSDT,P6_MOMENTUM_OR_BREAKOUT_TOP20,adaptive_4x_10x_v1,base,86,BTCUSDT_2025-03-01T04:30:00+00:00,2025-03-01 04:31:00+00:00,2025-03-01 07:45:00+00:00,85948.48626,84690.35854,84710.1,57728.73327130001,3.0,-3583.312640726672,-0.04689252367991631,76415.43596983618,72832.12332910951,False,,atr_pct_rank_gt_80pct
BTCUSDT,P6_MOMENTUM_OR_BREAKOUT_TOP20,adaptive_4x_10x_v1,base,87,BTCUSDT_2025-03-01T21:45:00+00:00,2025-03-01 21:46:00+00:00,2025-03-02 14:15:00+00:00,85604.81753999999,85362.924,85373.3,43230.4328577,2.0,-557.0619187459449,-0.007648574465263443,72832.12332910951,72275.06141036357,False,,drawdown_gt_10pct
BTCUSDT,P6_MOMENTUM_OR_BREAKOUT_TOP20,adaptive_4x_10x_v1,base,88,BTCUSDT_2025-03-02T15:30:00+00:00,2025-03-02 15:31:00+00:00,2025-03-03 01:00:00+00:00,86713.73928,92802.4358,86563.0,43790.438336399995,2.0,10000.11410424873,0.13836189010577316,72275.06141036357,82275.1755146123,False,,drawdown_gt_10pct
BTCUSDT,P6_MOMENTUM_OR_BREAKOUT_TOP20,adaptive_4x_10x_v1,base,89,BTCUSDT_2025-03-05T10:15:00+00:00,2025-03-05 10:16:00+00:00,2025-03-05 15:15:00+00:00,88471.59078,88035.68934000001,88100.0,66796.0510389,4.0,-1949.7762311541921,-0.023698232412860745,82275.1755146123,80325.39928345811,False,,default_4x
BTCUSDT,P6_MOMENTUM_OR_BREAKOUT_TOP20,adaptive_4x_10x_v1,base,90,BTCUSDT_2025-03-23T10:30:00+00:00,2025-03-23 10:31:00+00:00,2025-03-24 22:00:00+00:00,84316.86,87701.35622,84294.8,63659.2293,4.0,12569.362487830069,0.15648054787097151,80325.39928345811,92894.76177128818,False,,default_4x
BTCUSDT,P6_MOMENTUM_OR_BREAKOUT_TOP20,adaptive_4x_10x_v1,base,91,BTCUSDT_2025-04-01T15:00:00+00:00,2025-04-01 15:01:00+00:00,2025-04-02 02:00:00+00:00,84304.75757999999,84690.75846,84160.0,56624.6955079,3.0,996.6718899483626,0.010729042961563556,92894.76177128818,93891.43366123654,False,,atr_pct_rank_gt_80pct
BTCUSDT,P6_MOMENTUM_OR_BREAKOUT_TOP20,adaptive_4x_10x_v1,base,92,BTCUSDT_2025-04-09T20:45:00+00:00,2025-04-09 20:46:00+00:00,2025-04-10 03:00:00+00:00,82682.33316,81684.55982,82022.0,55534.9671058,3.0,-3679.093964831992,-0.039184554132023236,93891.43366123654,90212.33969640455,False,,atr_pct_rank_gt_80pct
BTCUSDT,P6_MOMENTUM_OR_BREAKOUT_TOP20,adaptive_4x_10x_v1,base,93,BTCUSDT_2025-04-11T17:30:00+00:00,2025-04-11 17:31:00+00:00,2025-04-11 23:00:00+00:00,83007.0981,83217.3532,82936.6,55753.100890500005,3.0,414.53766364730984,0.004595132606496752,90212.33969640455,90626.87736005186,False,,atr_pct_rank_gt_80pct
BTCUSDT,P6_MOMENTUM_OR_BREAKOUT_TOP20,adaptive_4x_10x_v1,base,94,BTCUSDT_2025-04-12T20:30:00+00:00,2025-04-12 20:31:00+00:00,2025-04-13 02:15:00+00:00,85293.15522,84774.5417,84970.1,77190.30547410001,10.0,-6413.958527977454,-0.07077324867429133,90626.87736005186,84212.91883207441,False,,all_raise_conditions_met
BTCUSDT,P6_MOMENTUM_OR_BREAKOUT_TOP20,adaptive_4x_10x_v1,base,95,BTCUSDT_2025-04-21T00:15:00+00:00,2025-04-21 00:16:00+00:00,2025-04-21 10:15:00+00:00,85377.37206,87232.64998,85340.0,43115.5728903,2.0,3489.692137522836,0.04143891680659461,84212.91883207441,87702.61096959726,False,,drawdown_gt_10pct
BTCUSDT,P6_MOMENTUM_OR_BREAKOUT_TOP20,adaptive_4x_10x_v1,base,96,BTCUSDT_2025-04-21T14:15:00+00:00,2025-04-21 14:16:00+00:00,2025-04-21 17:06:00+00:00,87600.81666,86337.47428238229,86327.0,66138.6165783,4.0,-5407.522473534441,-0.06165748560677398,87702.61096959726,82295.08849606282,False,,default_4x
BTCUSDT,P6_MOMENTUM_OR_BREAKOUT_TOP20,adaptive_4x_10x_v1,base,97,BTCUSDT_2025-04-22T13:00:00+00:00,2025-04-22 13:01:00+00:00,2025-04-23 13:45:00+00:00,89028.40212,92973.4016,88895.4,44959.3430706,2.0,7125.0330568491945,0.08657908007705796,82295.08849606282,89420.12155291201,False,,drawdown_gt_10pct
BTCUSDT,P6_MOMENTUM_OR_BREAKOUT_TOP20,adaptive_4x_10x_v1,base,98,BTCUSDT_2025-04-25T11:45:00+00:00,2025-04-25 11:46:00+00:00,2025-04-26 04:45:00+00:00,94254.04704,94462.80366,93876.00000000001,85299.91257120001,10.0,1085.3115375189623,0.012137218320339205,89420.12155291201,90505.43309043098,False,,all_raise_conditions_met
BTCUSDT,P6_MOMENTUM_OR_BREAKOUT_TOP20,adaptive_4x_10x_v1,base,99,BTCUSDT_2025-04-28T10:30:00+00:00,2025-04-28 10:31:00+00:00,2025-04-28 13:45:00+00:00,94680.33228,93896.61692,94475.00000000001,85685.7007134,10.0,-8392.885342916998,-0.09273349738607424,90505.43309043098,82112.54774751398,False,,all_raise_conditions_met
BTCUSDT,P6_MOMENTUM_OR_BREAKOUT_TOP20,adaptive_4x_10x_v1,base,100,BTCUSDT_2025-05-01T09:15:00+00:00,2025-05-01 09:16:00+00:00,2025-05-02 05:45:00+00:00,95159.028,96630.67,95139.90000000001,48055.309140000005,2.0,2374.25930044164,0.028914695324546453,82112.54774751398,84486.80704795562,False,,drawdown_gt_10pct
BTCUSDT,P6_MOMENTUM_OR_BREAKOUT_TOP20,adaptive_4x_10x_v1,base,101,BTCUSDT_2025-05-08T00:45:00+00:00,2025-05-08 00:46:00+00:00,2025-05-09 03:30:00+00:00,96892.8747,102322.5314,96849.4,48930.9017235,2.0,9295.189611325768,0.1100194212103402,84486.80704795562,93781.99665928139,False,,drawdown_gt_10pct
BTCUSDT,P6_MOMENTUM_OR_BREAKOUT_TOP20,adaptive_4x_10x_v1,base,102,BTCUSDT_2025-05-10T06:15:00+00:00,2025-05-10 06:16:00+00:00,2025-05-10 15:30:00+00:00,103380.672,103252.44538,103311.00000000001,93559.50816000001,10.0,-2100.4488740782313,-0.022397143896491722,93781.99665928139,91681.54778520316,False,,all_raise_conditions_met
BTCUSDT,P6_MOMENTUM_OR_BREAKOUT_TOP20,adaptive_4x_10x_v1,base,103,BTCUSDT_2025-05-10T23:00:00+00:00,2025-05-10 23:01:00+00:00,2025-05-11 07:30:00+00:00,103598.61558,103343.02726,103406.3,93756.7470999,10.0,-3177.561557894644,-0.03465868143215927,91681.54778520316,88503.98622730852,False,,all_raise_conditions_met
BTCUSDT,P6_MOMENTUM_OR_BREAKOUT_TOP20,adaptive_4x_10x_v1,base,104,BTCUSDT_2025-05-12T07:00:00+00:00,2025-05-12 07:01:00+00:00,2025-05-12 08:11:00+00:00,105000.09582,104038.4625365503,104016.5,79275.0723441,4.0,-3594.61583276243,-0.04061529865479987,88503.98622730852,84909.37039454609,False,,default_4x
BTCUSDT,P6_MOMENTUM_OR_BREAKOUT_TOP20,adaptive_4x_10x_v1,base,105,BTCUSDT_2025-05-18T07:45:00+00:00,2025-05-18 07:46:00+00:00,2025-05-18 19:45:00+00:00,103592.41434,103813.2332,103542.10000000002,52314.1692417,2.0,191.9879744622254,0.002261092899053662,84909.37039454609,85101.35836900832,False,,recent_3_losses
BTCUSDT,P6_MOMENTUM_OR_BREAKOUT_TOP20,adaptive_4x_10x_v1,base,106,BTCUSDT_2025-05-20T00:00:00+00:00,2025-05-20 00:01:00+00:00,2025-05-20 06:15:00+00:00,105533.70252,105418.912,105480.1,79677.9454026,4.0,-710.4841678384629,-0.008348681871301394,85101.35836900832,84390.87420116985,False,,default_4x
BTCUSDT,P6_MOMENTUM_OR_BREAKOUT_TOP20,adaptive_4x_10x_v1,base,107,BTCUSDT_2025-05-21T14:45:00+00:00,2025-05-21 14:46:00+00:00,2025-05-21 17:50:00+00:00,107691.43398,106364.64251034684,106085.30000000002,54384.1741599,2.0,-2247.184891988789,-0.02662829261173405,84390.87420116985,82143.68930918106,False,,drawdown_gt_10pct
BTCUSDT,P6_MOMENTUM_OR_BREAKOUT_TOP20,adaptive_4x_10x_v1,base,108,BTCUSDT_2025-05-27T13:00:00+00:00,2025-05-27 13:01:00+00:00,2025-05-27 14:32:00+00:00,109579.4115,108829.28414627144,108609.4,55337.6028075,2.0,-1288.35655055133,-0.01568418172334673,82143.68930918106,80855.33275862974,False,,drawdown_gt_10pct
BTCUSDT,P6_MOMENTUM_OR_BREAKOUT_TOP20,adaptive_4x_10x_v1,base,109,BTCUSDT_2025-06-07T06:45:00+00:00,2025-06-07 06:46:00+00:00,2025-06-08 00:00:00+00:00,104856.4671,105379.01998,104632.0,52952.5158855,2.0,643.7725358690357,0.007962029391318353,80855.33275862974,81499.10529449878,False,,drawdown_gt_10pct
BTCUSDT,P6_MOMENTUM_OR_BREAKOUT_TOP20,adaptive_4x_10x_v1,base,110,BTCUSDT_2025-06-09T09:30:00+00:00,2025-06-09 09:31:00+00:00,2025-06-10 06:00:00+00:00,106152.32622,109134.06882,106100.0,53606.9247411,2.0,4413.215200656455,0.05415047422556611,81499.10529449878,85912.32049515523,False,,drawdown_gt_10pct
BTCUSDT,P6_MOMENTUM_OR_BREAKOUT_TOP20,adaptive_4x_10x_v1,base,111,BTCUSDT_2025-06-16T05:15:00+00:00,2025-06-16 05:16:00+00:00,2025-06-16 22:30:00+00:00,106360.16778,107375.12068,106338.90000000001,80301.9266739,4.0,2934.019874508234,0.034151328442742844,85912.32049515523,88846.34036966346,False,,default_4x
BTCUSDT,P6_MOMENTUM_OR_BREAKOUT_TOP20,adaptive_4x_10x_v1,base,112,BTCUSDT_2025-06-23T22:00:00+00:00,2025-06-23 22:01:00+00:00,2025-06-26 09:00:00+00:00,103730.742,107224.35084,103640.8,78316.71021,4.0,11607.863216731523,0.13065100001232038,88846.34036966346,100454.20358639499,False,,default_4x
BTCUSDT,P6_MOMENTUM_OR_BREAKOUT_TOP20,adaptive_4x_10x_v1,base,113,BTCUSDT_2025-06-29T08:30:00+00:00,2025-06-29 08:31:00+00:00,2025-06-29 15:45:00+00:00,107428.4814,107665.36262,107406.9,97222.77566700001,10.0,1209.3789032179786,0.012039106976522492,100454.20358639499,101663.58248961296,False,,all_raise_conditions_met
BTCUSDT,P6_MOMENTUM_OR_BREAKOUT_TOP20,adaptive_4x_10x_v1,base,114,BTCUSDT_2025-07-03T09:15:00+00:00,2025-07-03 09:16:00+00:00,2025-07-03 12:30:00+00:00,109630.52172,108887.11822,109357.0,99215.6221566,10.0,-7906.98655283704,-0.07777599765033759,101663.58248961296,93756.59593677592,False,,all_raise_conditions_met
BTCUSDT,P6_MOMENTUM_OR_BREAKOUT_TOP20,adaptive_4x_10x_v1,base,115,BTCUSDT_2025-07-09T12:00:00+00:00,2025-07-09 12:01:00+00:00,2025-07-09 14:31:00+00:00,109030.10166,108616.46687823944,108429.0,82317.7267533,4.0,-1797.077652680004,-0.01916747973541883,93756.59593677592,91959.51828409592,False,,default_4x
BTCUSDT,P6_MOMENTUM_OR_BREAKOUT_TOP20,adaptive_4x_10x_v1,base,116,BTCUSDT_2025-07-09T19:15:00+00:00,2025-07-09 19:16:00+00:00,2025-07-10 10:30:00+00:00,109681.23186,110878.51986,109648.0,82809.3300543,4.0,3645.5003931540696,0.0396424476897738,91959.51828409592,95605.01867724999,False,,default_4x
BTCUSDT,P6_MOMENTUM_OR_BREAKOUT_TOP20,adaptive_4x_10x_v1,base,117,BTCUSDT_2025-07-10T16:15:00+00:00,2025-07-10 16:16:00+00:00,2025-07-11 13:30:00+00:00,111521.39982,117391.81694,111470.6,84198.6568641,4.0,19737.869614518735,0.20645223323632408,95605.01867724999,115342.88829176873,False,,default_4x
BTCUSDT,P6_MOMENTUM_OR_BREAKOUT_TOP20,adaptive_4x_10x_v1,base,118,BTCUSDT_2025-07-14T03:30:00+00:00,2025-07-14 03:31:00+00:00,2025-07-14 11:15:00+00:00,119938.78296,121513.99234,119775.4,90553.7811348,4.0,5594.996553028341,0.04850751213092016,115342.88829176873,120937.88484479707,False,,default_4x
BTCUSDT,P6_MOMENTUM_OR_BREAKOUT_TOP20,adaptive_4x_10x_v1,base,119,BTCUSDT_2025-07-17T21:15:00+00:00,2025-07-17 21:16:00+00:00,2025-07-18 00:12:00+00:00,120360.26724,119018.00173512344,119003.8,108926.04185220001,10.0,-14689.706651380384,-0.12146488811369648,120937.88484479707,106248.17819341668,False,,all_raise_conditions_met
BTCUSDT,P6_MOMENTUM_OR_BREAKOUT_TOP20,adaptive_4x_10x_v1,base,120,BTCUSDT_2025-07-26T10:30:00+00:00,2025-07-26 10:31:00+00:00,2025-07-27 08:45:00+00:00,117767.84886,117899.4154,117744.2,59472.7636743,2.0,24.779198339948593,0.00023321998326258317,106248.17819341668,106272.95739175663,False,,drawdown_gt_10pct
BTCUSDT,P6_MOMENTUM_OR_BREAKOUT_TOP20,adaptive_4x_10x_v1,base,121,BTCUSDT_2025-07-27T16:00:00+00:00,2025-07-27 16:01:00+00:00,2025-07-28 07:00:00+00:00,118783.752,118844.12642,118692.3,59985.79476,2.0,-104.5688561007618,-0.0009839648643190295,106272.95739175663,106168.38853565587,False,,drawdown_gt_10pct
BTCUSDT,P6_MOMENTUM_OR_BREAKOUT_TOP20,adaptive_4x_10x_v1,base,122,BTCUSDT_2025-08-07T10:00:00+00:00,2025-08-07 10:01:00+00:00,2025-08-08 02:30:00+00:00,115012.69794,116676.75998,114989.7,58081.4124597,2.0,2858.3232975175183,0.026922545749647236,106168.38853565587,109026.7118331734,False,,drawdown_gt_10pct
BTCUSDT,P6_MOMENTUM_OR_BREAKOUT_TOP20,adaptive_4x_10x_v1,base,123,BTCUSDT_2025-08-09T08:30:00+00:00,2025-08-09 08:31:00+00:00,2025-08-09 18:30:00+00:00,116838.8631,116531.689,116555.7,88213.3416405,4.0,-1582.0761285854192,-0.014510903814160918,109026.7118331734,107444.63570458797,False,,default_4x
BTCUSDT,P6_MOMENTUM_OR_BREAKOUT_TOP20,adaptive_4x_10x_v1,base,124,BTCUSDT_2025-08-10T02:45:00+00:00,2025-08-10 02:46:00+00:00,2025-08-10 20:00:00+00:00,117037.70286,118237.44778,117014.2,59104.039944300006,2.0,1986.823503900772,0.018491602590225295,107444.63570458797,109431.45920848874,False,,drawdown_gt_10pct
BTCUSDT,P6_MOMENTUM_OR_BREAKOUT_TOP20,adaptive_4x_10x_v1,base,125,BTCUSDT_2025-08-11T01:30:00+00:00,2025-08-11 01:31:00+00:00,2025-08-11 07:45:00+00:00,119279.55114,121510.49304,119249.2,90056.0611107,4.0,7745.174168421573,0.07077648625397083,109431.45920848874,117176.63337691031,False,,default_4x
BTCUSDT,P6_MOMENTUM_OR_BREAKOUT_TOP20,adaptive_4x_10x_v1,base,126,BTCUSDT_2025-08-13T13:45:00+00:00,2025-08-13 13:46:00+00:00,2025-08-14 04:45:00+00:00,120450.18522,123032.3886,120262.8,109007.41762410001,10.0,23935.925386349772,0.20427217181908175,117176.63337691031,141112.55876326008,False,,all_raise_conditions_met
BTCUSDT,P6_MOMENTUM_OR_BREAKOUT_TOP20,adaptive_4x_10x_v1,base,127,BTCUSDT_2025-08-28T04:30:00+00:00,2025-08-28 04:31:00+00:00,2025-08-28 16:45:00+00:00,112254.04632,112260.74336,112231.59999999999,101589.9119196,10.0,-1326.9803863432091,-0.009403701541330852,141112.55876326008,139785.57837691688,False,,all_raise_conditions_met
BTCUSDT,P6_MOMENTUM_OR_BREAKOUT_TOP20,adaptive_4x_10x_v1,base,128,BTCUSDT_2025-09-02T02:45:00+00:00,2025-09-02 02:46:00+00:00,2025-09-02 11:15:00+00:00,109597.01502,109830.92942,109562.2,99185.29859310001,10.0,1584.1150991857537,0.011332464461493707,139785.57837691688,141369.69347610264,False,,all_raise_conditions_met
BTCUSDT,P6_MOMENTUM_OR_BREAKOUT_TOP20,adaptive_4x_10x_v1,base,129,BTCUSDT_2025-09-03T14:30:00+00:00,2025-09-03 14:31:00+00:00,2025-09-03 23:30:00+00:00,111567.60906,111583.47884,111523.1,100968.6861993,10.0,-1212.7081173024321,-0.00857827507072745,141369.69347610264,140156.98535880022,False,,all_raise_conditions_met
BTCUSDT,P6_MOMENTUM_OR_BREAKOUT_TOP20,adaptive_4x_10x_v1,base,130,BTCUSDT_2025-09-05T06:45:00+00:00,2025-09-05 06:46:00+00:00,2025-09-05 14:15:00+00:00,111665.02854,110936.70822,111623.8,101056.8508287,10.0,-10538.552324334896,-0.07519106020549976,140156.98535880022,129618.43303446531,False,,all_raise_conditions_met
BTCUSDT,P6_MOMENTUM_OR_BREAKOUT_TOP20,adaptive_4x_10x_v1,base,131,BTCUSDT_2025-09-10T12:30:00+00:00,2025-09-10 12:31:00+00:00,2025-09-10 19:15:00+00:00,113365.86864,113167.8619,112860.0,85591.2308232,4.0,-1423.5959180345308,-0.010982974293910798,129618.43303446531,128194.83711643078,False,,default_4x
BTCUSDT,P6_MOMENTUM_OR_BREAKOUT_TOP20,adaptive_4x_10x_v1,base,132,BTCUSDT_2025-09-11T22:15:00+00:00,2025-09-11 22:16:00+00:00,2025-09-12 09:15:00+00:00,114517.79898,114877.02,114494.80000000002,57831.4884849,2.0,547.454888229649,0.004270490922598017,128194.83711643078,128742.29200466043,False,,recent_3_losses
BTCUSDT,P6_MOMENTUM_OR_BREAKOUT_TOP20,adaptive_4x_10x_v1,base,133,BTCUSDT_2025-09-12T18:30:00+00:00,2025-09-12 18:31:00+00:00,2025-09-13 01:54:00+00:00,116261.94774,115545.31976759485,115500.10000000002,87777.7705437,4.0,-3687.6047314438356,-0.028643304962368898,128742.29200466043,125054.6872732166,False,,default_4x
BTCUSDT,P6_MOMENTUM_OR_BREAKOUT_TOP20,adaptive_4x_10x_v1,base,134,BTCUSDT_2025-09-16T17:00:00+00:00,2025-09-16 17:01:00+00:00,2025-09-17 00:45:00+00:00,116135.42244,116489.59742,116081.4,58648.3883322,2.0,512.2608793024859,0.004096294912827299,125054.6872732166,125566.94815251908,False,,drawdown_gt_10pct
BTCUSDT,P6_MOMENTUM_OR_BREAKOUT_TOP20,adaptive_4x_10x_v1,base,135,BTCUSDT_2025-09-18T03:00:00+00:00,2025-09-18 03:01:00+00:00,2025-09-18 19:30:00+00:00,116923.27998,117213.95252,116834.50000000001,59046.2563899,2.0,372.87552823216765,0.0029695356438802414,125566.94815251908,125939.82368075124,False,,drawdown_gt_10pct
BTCUSDT,P6_MOMENTUM_OR_BREAKOUT_TOP20,adaptive_4x_10x_v1,base,136,BTCUSDT_2025-09-28T20:15:00+00:00,2025-09-28 20:16:00+00:00,2025-09-30 05:15:00+00:00,110391.77394,113875.42036,110350.0,55747.8458397,2.0,7692.742226932666,0.061082682205695606,125939.82368075124,133632.56590768392,False,,drawdown_gt_10pct
BTCUSDT,P6_MOMENTUM_OR_BREAKOUT_TOP20,adaptive_4x_10x_v1,base,137,BTCUSDT_2025-10-01T08:15:00+00:00,2025-10-01 08:16:00+00:00,2025-10-03 01:45:00+00:00,114548.20506,119808.63348,114500.19999999998,86483.89482029999,4.0,24000.574931479372,0.1796012429190311,133632.56590768392,157633.1408391633,False,,default_4x
BTCUSDT,P6_MOMENTUM_OR_BREAKOUT_TOP20,adaptive_4x_10x_v1,base,138,BTCUSDT_2025-10-03T16:00:00+00:00,2025-10-03 16:01:00+00:00,2025-10-04 01:15:00+00:00,122649.62502,121875.71998,121425.5,92600.46689010001,4.0,-4607.1312885625075,-0.02922692058304712,157633.1408391633,153026.0095506008,False,,default_4x
BTCUSDT,P6_MOMENTUM_OR_BREAKOUT_TOP20,adaptive_4x_10x_v1,base,139,BTCUSDT_2025-10-05T02:15:00+00:00,2025-10-05 02:16:00+00:00,2025-10-05 09:30:00+00:00,122379.9711,122930.30902,122329.3,110753.8738455,10.0,5347.818648710792,0.03494712215535124,153026.0095506008,158373.8281993116,False,,all_raise_conditions_met
BTCUSDT,P6_MOMENTUM_OR_BREAKOUT_TOP20,adaptive_4x_10x_v1,base,140,BTCUSDT_2025-10-19T16:30:00+00:00,2025-10-19 16:31:00+00:00,2025-10-19 23:30:00+00:00,108289.75362,108468.70192,108208.6,98002.22702610001,10.0,1032.0730953695015,0.006516689702484489,158373.8281993116,159405.9012946811,False,,all_raise_conditions_met
BTCUSDT,P6_MOMENTUM_OR_BREAKOUT_TOP20,adaptive_4x_10x_v1,base,141,BTCUSDT_2025-10-20T03:45:00+00:00,2025-10-20 03:46:00+00:00,2025-10-20 16:30:00+00:00,109106.61696,110406.9142,109020.3,82375.4958048,4.0,6957.56802439555,0.043646866068864316,159405.9012946811,166363.46931907666,False,,default_4x
BTCUSDT,P6_MOMENTUM_OR_BREAKOUT_TOP20,adaptive_4x_10x_v1,base,142,BTCUSDT_2025-10-21T16:15:00+00:00,2025-10-21 16:16:00+00:00,2025-10-21 20:00:00+00:00,113517.699,111230.7494,111255.9,76246.054495,3.0,-10548.83526349028,-0.06340836306592135,166363.46931907666,155814.6340555864,False,,atr_pct_rank_gt_80pct
BTCUSDT,P6_MOMENTUM_OR_BREAKOUT_TOP20,adaptive_4x_10x_v1,base,143,BTCUSDT_2025-10-26T09:15:00+00:00,2025-10-26 09:16:00+00:00,2025-10-26 21:15:00+00:00,111712.338,113000.8953,111678.7,84342.81519000001,4.0,6562.185782992418,0.042115336744630666,155814.6340555864,162376.8198385788,False,,default_4x
BTCUSDT,P6_MOMENTUM_OR_BREAKOUT_TOP20,adaptive_4x_10x_v1,base,144,BTCUSDT_2025-10-26T22:00:00+00:00,2025-10-26 22:01:00+00:00,2025-10-27 20:30:00+00:00,113663.42814,114576.98002,113640.70000000001,102865.4024667,10.0,11420.487252436904,0.07033323638060025,162376.8198385788,173797.3070910157,False,,all_raise_conditions_met
BTCUSDT,P6_MOMENTUM_OR_BREAKOUT_TOP20,adaptive_4x_10x_v1,base,145,BTCUSDT_2025-10-28T13:45:00+00:00,2025-10-28 13:46:00+00:00,2025-10-28 14:43:00+00:00,115268.64912,114544.50706446172,114130.7,104318.1274536,10.0,-12650.828664745515,-0.0727907058889032,173797.3070910157,161146.4784262702,False,,all_raise_conditions_met
BTCUSDT,P6_MOMENTUM_OR_BREAKOUT_TOP20,adaptive_4x_10x_v1,base,146,BTCUSDT_2025-11-09T14:15:00+00:00,2025-11-09 14:16:00+00:00,2025-11-10 14:30:00+00:00,103016.5992,105590.47768,102857.8,77777.532396,4.0,15452.395366674304,0.09589036954192134,161146.4784262702,176598.87379294448,False,,default_4x
BTCUSDT,P6_MOMENTUM_OR_BREAKOUT_TOP20,adaptive_4x_10x_v1,base,147,BTCUSDT_2025-11-26T17:15:00+00:00,2025-11-26 17:16:00+00:00,2025-11-27 12:30:00+00:00,87766.14972,91054.08554,87663.4,58949.59722860001,3.0,19307.764051575232,0.10933118449109057,176598.87379294448,195906.63784451972,False,,atr_pct_rank_gt_80pct
BTCUSDT,P6_MOMENTUM_OR_BREAKOUT_TOP20,adaptive_4x_10x_v1,base,148,BTCUSDT_2025-11-28T14:15:00+00:00,2025-11-28 14:16:00+00:00,2025-11-28 16:23:00+00:00,92380.9725,91309.7069055,90878.1,69747.63423750001,4.0,-9866.15084875229,-0.05036149339963921,195906.63784451972,186040.48699576742,False,,default_4x
BTCUSDT,P6_MOMENTUM_OR_BREAKOUT_TOP20,adaptive_4x_10x_v1,base,149,BTCUSDT_2025-12-02T17:15:00+00:00,2025-12-02 17:16:00+00:00,2025-12-03 14:00:00+00:00,90944.1852,91961.604,90643.50000000001,61084.17772600001,3.0,5682.622179854087,0.030545083339753736,186040.48699576742,191723.1091756215,False,,atr_pct_rank_gt_80pct
BTCUSDT,P6_MOMENTUM_OR_BREAKOUT_TOP20,adaptive_4x_10x_v1,base,150,BTCUSDT_2025-12-09T16:30:00+00:00,2025-12-09 16:31:00+00:00,2025-12-09 21:30:00+00:00,93483.693,92612.77374,92724.6,62789.88046500001,3.0,-5930.922464941317,-0.030934833523425156,191723.1091756215,185792.1867106802,False,,atr_pct_rank_gt_80pct
BTCUSDT,P6_MOMENTUM_OR_BREAKOUT_TOP20,adaptive_4x_10x_v1,base,151,BTCUSDT_2025-12-10T20:00:00+00:00,2025-12-10 20:01:00+00:00,2025-12-11 00:15:00+00:00,92802.35676,91713.35366,91825.0,62332.2496238,3.0,-7094.724647305813,-0.038186345577351316,185792.1867106802,178697.46206337438,False,,atr_pct_rank_gt_80pct
BTCUSDT,P6_MOMENTUM_OR_BREAKOUT_TOP20,adaptive_4x_10x_v1,base,152,BTCUSDT_2025-12-18T13:30:00+00:00,2025-12-18 13:31:00+00:00,2025-12-18 17:00:00+00:00,87958.68822000001,86332.43006,87673.8,66408.80960610001,4.0,-13923.850038984443,-0.07791856626394841,178697.46206337438,164773.61202438993,False,,default_4x
BTCUSDT,P6_MOMENTUM_OR_BREAKOUT_TOP20,adaptive_4x_10x_v1,base,153,BTCUSDT_2025-12-21T08:30:00+00:00,2025-12-21 08:31:00+00:00,2025-12-21 13:30:00+00:00,88246.94586,87905.01848225658,87758.4,44564.7076593,2.0,-1605.793970663887,-0.009745455907261388,164773.61202438993,163167.81805372605,False,,drawdown_gt_10pct
BTCUSDT,P6_MOMENTUM_OR_BREAKOUT_TOP20,adaptive_4x_10x_v1,base,154,BTCUSDT_2025-12-22T00:00:00+00:00,2025-12-22 00:01:00+00:00,2025-12-22 02:05:00+00:00,88749.34632,88050.17561930743,87845.0,44818.4198916,2.0,-2895.934654654052,-0.017748197464407544,163167.81805372605,160271.883399072,False,,drawdown_gt_10pct
BTCUSDT,P6_MOMENTUM_OR_BREAKOUT_TOP20,adaptive_4x_10x_v1,base,155,BTCUSDT_2025-12-22T08:15:00+00:00,2025-12-22 08:16:00+00:00,2025-12-22 19:00:00+00:00,89179.93242,88651.2662,89019.4,45035.865872099996,2.0,-2219.8043583993767,-0.013850241922172544,160271.883399072,158052.0790406726,False,,drawdown_gt_10pct
BTCUSDT,P6_MOMENTUM_OR_BREAKOUT_TOP20,adaptive_4x_10x_v1,base,156,BTCUSDT_2025-12-25T15:30:00+00:00,2025-12-25 15:31:00+00:00,2025-12-25 22:47:00+00:00,88041.80484,87465.17259188915,87251.2,44461.111444199996,2.0,-2385.4019617447952,-0.015092506066503204,158052.0790406726,155666.6770789278,False,,drawdown_gt_10pct
BTCUSDT,P6_MOMENTUM_OR_BREAKOUT_TOP20,adaptive_4x_10x_v1,base,157,BTCUSDT_2025-12-29T02:00:00+00:00,2025-12-29 02:01:00+00:00,2025-12-29 09:15:00+00:00,88736.04366,89265.84326,88688.7,443.68021829999634,1.0,773.2783578604403,0.0049675265918881556,155666.6770789278,156439.95543678824,False,,drawdown_gt_20pct
BTCUSDT,P6_MOMENTUM_OR_BREAKOUT_TOP20,adaptive_4x_10x_v1,base,158,BTCUSDT_2025-12-30T14:45:00+00:00,2025-12-30 14:46:00+00:00,2025-12-30 20:45:00+00:00,88083.01307999999,87882.71994000001,87910.4,440.4150653999968,1.0,-511.99299427867066,-0.0032727764006909897,156439.95543678824,155927.96244250957,False,,drawdown_gt_20pct
BTCUSDT,P6_MOMENTUM_OR_BREAKOUT_TOP20,adaptive_4x_10x_v1,base,159,BTCUSDT_2026-01-02T10:00:00+00:00,2026-01-02 10:01:00+00:00,2026-01-02 14:15:00+00:00,89489.09423999999,88844.62752,89068.4,447.4454712000006,1.0,-1278.3008970816904,-0.008198022196006046,155927.96244250957,154649.66154542787,False,,drawdown_gt_20pct
BTCUSDT,P6_MOMENTUM_OR_BREAKOUT_TOP20,adaptive_4x_10x_v1,base,160,BTCUSDT_2026-01-04T00:00:00+00:00,2026-01-04 00:01:00+00:00,2026-01-04 12:30:00+00:00,90645.32544,91040.2883,90611.5,453.2266271999979,1.0,518.8581215571174,0.0033550550086700608,154649.66154542787,155168.51966698497,False,,drawdown_gt_20pct
BTCUSDT,P6_MOMENTUM_OR_BREAKOUT_TOP20,adaptive_4x_10x_v1,base,161,BTCUSDT_2026-01-05T01:00:00+00:00,2026-01-05 01:01:00+00:00,2026-01-05 06:15:00+00:00,92326.26156,92221.45202,92230.5,461.63130779999483,1.0,-331.22903943177516,-0.002134640712836873,155168.51966698497,154837.2906275532,False,,drawdown_gt_20pct
BTCUSDT,P6_MOMENTUM_OR_BREAKOUT_TOP20,adaptive_4x_10x_v1,base,162,BTCUSDT_2026-01-13T09:00:00+00:00,2026-01-13 09:01:00+00:00,2026-01-14 05:15:00+00:00,92173.13094,94975.90102,91700.60000000002,460.86565469999914,1.0,4551.049710854521,0.029392465422310003,154837.2906275532,159388.3403384077,False,,drawdown_gt_20pct
BTCUSDT,P6_MOMENTUM_OR_BREAKOUT_TOP20,adaptive_4x_10x_v1,base,163,BTCUSDT_2026-01-28T11:45:00+00:00,2026-01-28 11:46:00+00:00,2026-01-28 15:00:00+00:00,89696.33567999999,89035.38936,89401.6,45296.649518399994,2.0,-2666.5752307697694,-0.016730052054674708,159388.3403384077,156721.7651076379,False,,drawdown_gt_10pct
BTCUSDT,P6_MOMENTUM_OR_BREAKOUT_TOP20,adaptive_4x_10x_v1,base,164,BTCUSDT_2026-02-08T08:15:00+00:00,2026-02-08 08:16:00+00:00,2026-02-08 16:45:00+00:00,69620.22126,70374.62226,69467.9,348.1011063000042,1.0,1540.6577986471032,0.009830528628802552,156721.7651076379,158262.422906285,False,,drawdown_gt_20pct
BTCUSDT,P6_MOMENTUM_OR_BREAKOUT_TOP20,adaptive_4x_10x_v1,base,165,BTCUSDT_2026-02-20T05:30:00+00:00,2026-02-20 05:31:00+00:00,2026-02-20 11:30:00+00:00,67452.18774,67404.21646,67438.7,34063.354808699994,2.0,-541.5214020833223,-0.0034216675831127887,158262.422906285,157720.9015042017,False,,drawdown_gt_10pct
BTCUSDT,P6_MOMENTUM_OR_BREAKOUT_TOP20,adaptive_4x_10x_v1,base,166,BTCUSDT_2026-02-25T14:45:00+00:00,2026-02-25 14:46:00+00:00,2026-02-25 23:30:00+00:00,66420.7815,67656.76594,66318.7,33542.4946575,2.0,5551.490365861213,0.03519819068313733,157720.9015042017,163272.39187006291,False,,drawdown_gt_10pct
BTCUSDT,P6_MOMENTUM_OR_BREAKOUT_TOP20,adaptive_4x_10x_v1,base,167,BTCUSDT_2026-03-02T15:00:00+00:00,2026-03-02 15:01:00+00:00,2026-03-03 02:00:00+00:00,66958.389,68556.18602,66938.6,33813.986444999995,2.0,7461.746033939772,0.045701211015993774,163272.39187006291,170734.13790400268,False,,drawdown_gt_10pct
BTCUSDT,P6_MOMENTUM_OR_BREAKOUT_TOP20,adaptive_4x_10x_v1,base,168,BTCUSDT_2026-03-04T08:45:00+00:00,2026-03-04 08:46:00+00:00,2026-03-04 22:45:00+00:00,69999.19704,72664.36421999999,69959.5,35349.5945052,2.0,12653.180879296544,0.07411043294933171,170734.13790400268,183387.3187832992,False,,drawdown_gt_10pct
BTCUSDT,P6_MOMENTUM_OR_BREAKOUT_TOP20,adaptive_4x_10x_v1,base,169,BTCUSDT_2026-03-09T13:30:00+00:00,2026-03-09 13:31:00+00:00,2026-03-10 13:30:00+00:00,68755.24829999999,69866.92382,68200.1,51910.212466499994,4.0,11120.979035738794,0.06064202862838062,183387.3187832992,194508.297819038,False,,default_4x
BTCUSDT,P6_MOMENTUM_OR_BREAKOUT_TOP20,adaptive_4x_10x_v1,base,170,BTCUSDT_2026-03-10T14:45:00+00:00,2026-03-10 14:46:00+00:00,2026-03-11 11:45:00+00:00,70385.5743,69130.1712,69324.1,47275.6440715,3.0,-10986.120709076418,-0.05648150146939964,194508.297819038,183522.1771099616,False,,atr_pct_rank_gt_80pct
BTCUSDT,P6_MOMENTUM_OR_BREAKOUT_TOP20,adaptive_4x_10x_v1,base,171,BTCUSDT_2026-03-13T00:00:00+00:00,2026-03-13 00:01:00+00:00,2026-03-13 15:30:00+00:00,70421.5815,71940.1091,70342.7,53168.2940325,4.0,15087.43324405924,0.08221040901786629,183522.1771099616,198609.61035402084,False,,default_4x
BTCUSDT,P6_MOMENTUM_OR_BREAKOUT_TOP20,adaptive_4x_10x_v1,base,172,BTCUSDT_2026-03-16T03:30:00+00:00,2026-03-16 03:31:00+00:00,2026-03-16 14:30:00+00:00,73160.02908,73092.07866,72841.9,55235.821955399995,4.0,-1531.9372535951247,-0.007713308791374459,198609.61035402084,197077.67310042572,False,,default_4x
BTCUSDT,P6_MOMENTUM_OR_BREAKOUT_TOP20,adaptive_4x_10x_v1,base,173,BTCUSDT_2026-04-01T06:30:00+00:00,2026-04-01 06:31:00+00:00,2026-04-01 13:30:00+00:00,68816.7606,68062.98468000001,68128.0,62279.168343,10.0,-23546.643838958975,-0.11947900271260159,197077.67310042572,173531.02926146676,False,,all_raise_conditions_met
BTCUSDT,P6_MOMENTUM_OR_BREAKOUT_TOP20,adaptive_4x_10x_v1,base,174,BTCUSDT_2026-04-05T22:30:00+00:00,2026-04-05 22:31:00+00:00,2026-04-06 22:30:00+00:00,67398.77706000001,69182.86066,67385.3,34036.3824153,2.0,8835.272694801575,0.05091465619954968,173531.02926146676,182366.30195626832,False,,drawdown_gt_10pct
BTCUSDT,P6_MOMENTUM_OR_BREAKOUT_TOP20,adaptive_4x_10x_v1,base,175,BTCUSDT_2026-04-07T21:00:00+00:00,2026-04-07 21:01:00+00:00,2026-04-08 10:30:00+00:00,69351.26748,71505.09612,69322.6,52360.206947399995,4.0,21914.064492938105,0.12016509770644539,182366.30195626832,204280.36644920643,False,,default_4x
BTCUSDT,P6_MOMENTUM_OR_BREAKOUT_TOP20,adaptive_4x_10x_v1,base,176,BTCUSDT_2026-04-09T15:30:00+00:00,2026-04-09 15:31:00+00:00,2026-04-10 07:00:00+00:00,71303.15778,71670.36306,71288.9,53833.884123899996,4.0,3388.8814704117085,0.016589364554788683,204280.36644920643,207669.24791961812,False,,default_4x
BTCUSDT,P6_MOMENTUM_OR_BREAKOUT_TOP20,adaptive_4x_10x_v1,base,177,BTCUSDT_2026-04-13T19:15:00+00:00,2026-04-13 19:16:00+00:00,2026-04-14 18:45:00+00:00,72366.77046,74035.19,72332.9,54636.9116973,4.0,18311.04726487488,0.08817409148591167,207669.24791961812,225980.295184493,False,,default_4x
BTCUSDT,P6_MOMENTUM_OR_BREAKOUT_TOP20,adaptive_4x_10x_v1,base,178,BTCUSDT_2026-04-17T08:45:00+00:00,2026-04-17 08:46:00+00:00,2026-04-18 08:00:00+00:00,75328.96277999999,76746.1477,75030.2,68172.71131589999,10.0,40233.24710569883,0.17803874038155373,225980.295184493,266213.54229019186,False,,all_raise_conditions_met
BTCUSDT,P6_MOMENTUM_OR_BREAKOUT_TOP20,adaptive_4x_10x_v1,base,179,BTCUSDT_2026-04-22T02:15:00+00:00,2026-04-22 02:16:00+00:00,2026-04-22 20:15:00+00:00,76785.35399999999,78531.69051999999,76736.8,69490.74536999999,10.0,57852.788009555756,0.21731722402946754,266213.54229019186,324066.33029974764,False,,all_raise_conditions_met
BTCUSDT,P6_MOMENTUM_OR_BREAKOUT_TOP20,adaptive_4x_10x_v1,base,180,BTCUSDT_2026-05-01T03:15:00+00:00,2026-05-01 03:16:00+00:00,2026-05-01 20:30:00+00:00,76705.03794,77940.4088,76689.6,69418.0593357,10.0,48925.65338950775,0.15097419514163532,324066.33029974764,372991.9836892554,False,,all_raise_conditions_met
BTCUSDT,P6_MOMENTUM_OR_BREAKOUT_TOP20,adaptive_4x_10x_v1,base,181,BTCUSDT_2026-05-02T21:30:00+00:00,2026-05-02 21:31:00+00:00,2026-05-03 01:00:00+00:00,78482.1933,78306.3356,78435.7,71026.3849365,10.0,-12083.498254768194,-0.032396133920226874,372991.9836892554,360908.4854344872,False,,all_raise_conditions_met
BTCUSDT,P6_MOMENTUM_OR_BREAKOUT_TOP20,adaptive_4x_10x_v1,base,182,BTCUSDT_2026-05-04T01:45:00+00:00,2026-05-04 01:46:00+00:00,2026-05-04 10:00:00+00:00,78825.96204,78697.05744,78786.3,59513.6013402,4.0,-3803.237370159897,-0.01053795497654008,360908.4854344872,357105.2480643273,False,,default_4x
BTCUSDT,P6_MOMENTUM_OR_BREAKOUT_TOP20,adaptive_4x_10x_v1,base,183,BTCUSDT_2026-05-05T13:00:00+00:00,2026-05-05 13:01:00+00:00,2026-05-05 22:30:00+00:00,81266.25,80958.50506,80890.0,73545.95625,10.0,-17087.411913085813,-0.04784979219909914,357105.2480643273,340017.8361512415,False,,all_raise_conditions_met
BTCUSDT,P6_MOMENTUM_OR_BREAKOUT_TOP20,adaptive_4x_10x_v1,base,184,BTCUSDT_2026-05-10T15:45:00+00:00,2026-05-10 15:46:00+00:00,2026-05-10 20:30:00+00:00,81175.2318,80740.8486,81006.5,40993.492059,2.0,-4317.208820641767,-0.012697006926193872,340017.8361512415,335700.62733059976,False,,recent_3_losses
BTCUSDT,P6_MOMENTUM_OR_BREAKOUT_TOP20,adaptive_4x_10x_v1,base,185,BTCUSDT_2026-06-07T22:00:00+00:00,2026-06-07 22:01:00+00:00,2026-06-08 05:00:00+00:00,61796.95692,62538.08988,61690.3,31207.4632446,2.0,7376.710257674464,0.021974073496174435,335700.62733059976,343077.3375882742,False,,recent_3_losses
BTCUSDT,P6_MOMENTUM_OR_BREAKOUT_TOP20,adaptive_4x_10x_v1,base,186,BTCUSDT_2026-06-12T15:00:00+00:00,2026-06-12 15:01:00+00:00,2026-06-12 20:45:00+00:00,64095.71658,63405.21642,63428.1,48392.2660179,4.0,-16148.741951636292,-0.04707026720318185,343077.3375882742,326928.59563663794,False,,default_4x
BTCUSDT,P6_MOMENTUM_OR_BREAKOUT_TOP20,adaptive_4x_10x_v1,base,187,BTCUSDT_2026-06-13T21:30:00+00:00,2026-06-13 21:31:00+00:00,2026-06-14 04:45:00+00:00,64251.8478,64287.14,64238.90000000001,32447.183139,2.0,-294.8866476048133,-0.0009019909898997107,326928.59563663794,326633.7089890331,False,,drawdown_gt_10pct
BTCUSDT,P6_MOMENTUM_OR_BREAKOUT_TOP20,adaptive_4x_10x_v1,base,188,BTCUSDT_2026-06-14T21:15:00+00:00,2026-06-14 21:16:00+00:00,2026-06-15 09:30:00+00:00,64457.68896,65527.59186,64328.9,32551.1329248,2.0,10184.58994068825,0.031180461968272243,326633.7089890331,336818.29892972135,False,,drawdown_gt_10pct
BTCUSDT,P6_MOMENTUM_OR_BREAKOUT_TOP20,adaptive_4x_10x_v1,base,189,BTCUSDT_2026-06-15T15:45:00+00:00,2026-06-15 15:46:00+00:00,2026-06-15 22:15:00+00:00,66934.68426,66117.87378000001,66284.8,50535.686616299994,4.0,-17779.958946217324,-0.052787983915111435,336818.29892972135,319038.33998350403,False,,default_4x
BTCUSDT,P6_MOMENTUM_OR_BREAKOUT_TOP20,adaptive_4x_10x_v1,base,190,BTCUSDT_2026-06-22T01:15:00+00:00,2026-06-22 01:16:00+00:00,2026-06-22 17:30:00+00:00,63951.987839999994,64387.02002,63833.4,32295.7538592,2.0,3700.2575379278696,0.011598159450425903,319038.33998350403,322738.5975214319,False,,drawdown_gt_10pct
