prototype,sizing_mode,event_id,signal_time,entry_time,exit_time,entry_raw_price,entry_price,exit_raw_price,exit_price,quantity,stop_loss,atr,gross_pnl,entry_fee,exit_fee,total_fee,net_pnl,trade_return,equity_before,equity_after,mae_atr,mfe_atr,exit_reason
P5_MOMENTUM_AND_BREAKOUT_TOP40,fixed_risk_0_5pct,ETHUSDT_2024-01-02T08:15:00+00:00,2024-01-02 08:15:00+00:00,2024-01-02 08:16:00+00:00,2024-01-02 14:45:00+00:00,2396.57,2397.0493140000003,2369.15,2368.67617,0.1915394297597553,2370.9450282857147,8.701428571428616,-5.434575822251449,0.22956472935478636,0.22684744144366062,0.456412170798447,-5.890987993049896,-0.005890987993049895,1000.0,994.1090120069501,-2.3432145460515934,4.302820587752336,donchian20_exit
P5_MOMENTUM_AND_BREAKOUT_TOP40,fixed_risk_0_5pct,ETHUSDT_2024-01-08T17:45:00+00:00,2024-01-08 17:45:00+00:00,2024-01-08 17:46:00+00:00,2024-01-09 00:15:00+00:00,2280.29,2280.7460579999997,2321.7,2321.23566,0.1422972636453524,2245.8153437142855,11.643571428571347,5.7615595706894025,0.16227196156166207,0.16515274134700678,0.3274247029086689,5.434134867780734,0.005466336993374669,994.1090120069501,999.5431468747308,-0.22811368627688222,6.77489226427833,donchian20_exit
P5_MOMENTUM_AND_BREAKOUT_TOP40,fixed_risk_0_5pct,ETHUSDT_2024-01-10T09:15:00+00:00,2024-01-10 09:15:00+00:00,2024-01-10 09:16:00+00:00,2024-01-10 12:48:00+00:00,2379.84,2380.315968,2341.000968,2340.5327678064,0.1271198202816647,2341.000968,13.104999999999986,-5.057233258839908,0.1512926690328684,0.14876405240344842,0.3000567214363168,-5.357289980276224,-0.005359738593603338,999.5431468747308,994.1858568944546,-3.360241739793943,3.9285793208699262,atr_stop
P5_MOMENTUM_AND_BREAKOUT_TOP40,fixed_risk_0_5pct,ETHUSDT_2024-01-10T15:00:00+00:00,2024-01-10 15:00:00+00:00,2024-01-10 15:01:00+00:00,2024-01-11 16:00:00+00:00,2384.84,2385.316968,2582.94,2582.423412,0.0645671064189603,2308.328396571429,25.662857142857092,12.726592745610839,0.07700650725790387,0.08336980363070928,0.16037631088861315,12.566216434722225,0.012639705491260362,994.1858568944546,1006.7520733291768,-0.06885312847917992,11.94656659986642,donchian20_exit
P5_MOMENTUM_AND_BREAKOUT_TOP40,fixed_risk_0_5pct,ETHUSDT_2024-02-12T17:15:00+00:00,2024-02-12 17:15:00+00:00,2024-02-12 17:16:00+00:00,2024-02-13 13:30:00+00:00,2560.87,2561.382174,2638.68,2638.152264,0.09868045247222935,2510.3714597142857,17.00357142857141,7.575707217533768,0.12637917594231124,0.13016702955107812,0.25654620549338936,7.319161012040379,0.007270072946397836,1006.7520733291768,1014.0712343412172,-0.2012620709934786,7.493591951270754,donchian20_exit
P5_MOMENTUM_AND_BREAKOUT_TOP40,fixed_risk_0_5pct,ETHUSDT_2024-02-15T00:15:00+00:00,2024-02-15 00:15:00+00:00,2024-02-15 00:16:00+00:00,2024-02-15 05:45:00+00:00,2782.13,2782.686426,2773.02,2772.465396,0.145092360403658,2747.740711714286,11.648571428571424,-1.482993368456623,0.20187327090577953,0.2011317742215512,0.4030050451273307,-1.8859984135839538,-0.0018598283332720475,1014.0712343412172,1012.1852359276332,-0.7886311258278257,4.011099067942084,donchian20_exit
P5_MOMENTUM_AND_BREAKOUT_TOP40,fixed_risk_0_5pct,ETHUSDT_2024-02-19T06:00:00+00:00,2024-02-19 06:00:00+00:00,2024-02-19 06:01:00+00:00,2024-02-20 01:15:00+00:00,2909.69,2910.271938,2917.21,2916.626558,0.13256429897271063,2872.094795142857,12.725714285714307,0.8423957455379755,0.19289907964046096,0.19332027751322997,0.38621935715369093,0.45617638838428454,0.0004506846891184047,1012.1852359276332,1012.6414123160175,-1.7344360799281617,6.125240615177355,donchian20_exit
P5_MOMENTUM_AND_BREAKOUT_TOP40,fixed_risk_0_5pct,ETHUSDT_2024-02-20T13:30:00+00:00,2024-02-20 13:30:00+00:00,2024-02-20 13:31:00+00:00,2024-02-20 14:40:00+00:00,2970.21,2970.8040419999998,2924.0361848571424,2923.451377620171,0.1082625412174432,2924.0361848571424,15.589285714285714,-5.126519779176952,0.16081339752298593,0.15825013763339746,0.3190635351563834,-5.445583314333336,-0.0053776028198162604,1012.6414123160175,1007.1958290016842,-3.3281859702176266,2.493761337915238,atr_stop
P5_MOMENTUM_AND_BREAKOUT_TOP40,fixed_risk_0_5pct,ETHUSDT_2024-02-27T01:45:00+00:00,2024-02-27 01:45:00+00:00,2024-02-27 01:46:00+00:00,2024-02-27 15:45:00+00:00,3193.13,3193.768626,3231.74,3231.093652,0.13174077027882466,3155.542197428572,12.742142857142783,4.917227675917156,0.21037476944079175,0.21283338327875032,0.42320815271954204,4.494019523197614,0.004461912364800012,1007.1958290016842,1011.6898485248818,-0.12859893491787563,7.989344896014407,donchian20_exit
P5_MOMENTUM_AND_BREAKOUT_TOP40,fixed_risk_0_5pct,ETHUSDT_2024-02-28T16:45:00+00:00,2024-02-28 16:45:00+00:00,2024-02-28 16:46:00+00:00,2024-02-28 17:31:00+00:00,3405.43,3406.111086,3326.716086,3326.0507427828,0.06371244086686076,3326.716086,26.465000000000014,-5.1008398830064134,0.10850582557636693,0.10595540563486372,0.21446123121123065,-5.315301114217645,-0.005253884006019972,1011.6898485248818,1006.3745474106641,-9.566260570564879,3.6258799924428593,atr_stop
P5_MOMENTUM_AND_BREAKOUT_TOP40,fixed_risk_0_5pct,ETHUSDT_2024-03-05T03:30:00+00:00,2024-03-05 03:30:00+00:00,2024-03-05 03:31:00+00:00,2024-03-05 16:00:00+00:00,3653.71,3654.440742,3705.48,3704.7389040000003,0.07885182260884992,3590.626456285714,21.27142857142855,3.966101747575235,0.14407965656136892,0.14606270743515654,0.2901423639965255,3.67595938357871,0.0036526752321357023,1006.3745474106641,1010.0505067942429,-0.4010422699798545,8.155975862995321,donchian20_exit
P5_MOMENTUM_AND_BREAKOUT_TOP40,fixed_risk_0_5pct,ETHUSDT_2024-03-06T08:00:00+00:00,2024-03-06 08:00:00+00:00,2024-03-06 08:01:00+00:00,2024-03-07 03:30:00+00:00,3787.87,3788.6275739999996,3772.49,3771.735502,0.043258833645734025,3671.8825739999997,38.91499999999993,-0.7307313325797462,0.08194580498465344,0.08158043931836356,0.163526244303017,-0.8942575768827632,-0.0008853592675489169,1010.0505067942429,1009.1562492173601,-1.635039804702555,3.0269157394321096,donchian20_exit
P5_MOMENTUM_AND_BREAKOUT_TOP40,fixed_risk_0_5pct,ETHUSDT_2024-03-25T04:45:00+00:00,2024-03-25 04:45:00+00:00,2024-03-25 04:46:00+00:00,2024-03-26 13:30:00+00:00,3469.29,3469.983858,3618.4,3617.67632,0.11913472880548898,3427.6302865714283,14.117857142857181,17.595301406984984,0.20669779294112717,0.2154954436446197,0.42219323658574687,17.173108170399235,0.017017293589290706,1009.1562492173601,1026.3293573877593,-2.8031065621047473,15.191125666582304,donchian20_exit
P5_MOMENTUM_AND_BREAKOUT_TOP40,fixed_risk_0_5pct,ETHUSDT_2024-04-08T08:00:00+00:00,2024-04-08 08:00:00+00:00,2024-04-08 08:01:00+00:00,2024-04-09 01:00:00+00:00,3477.86,3478.555572,3679.84,3679.104032,0.11072537916457577,3432.209857714286,15.44857142857141,22.205804274371754,0.1925821923273739,0.20368509446455976,0.3962672867919337,21.80953698757982,0.02125003716457067,1026.3293573877593,1048.138894375339,-0.15247830589978706,16.619946328833016,donchian20_exit
P5_MOMENTUM_AND_BREAKOUT_TOP40,fixed_risk_0_5pct,ETHUSDT_2024-04-20T17:30:00+00:00,2024-04-20 17:30:00+00:00,2024-04-20 17:31:00+00:00,2024-04-21 00:30:00+00:00,3139.01,3139.637802,3132.8,3132.17344,0.10203418666649125,3088.2756591428574,17.12071428571432,-0.7616201056542807,0.16017519477722017,0.15979438472439303,0.3199695795016132,-1.081589685155894,-0.001031914463779622,1048.138894375339,1047.0573046901832,-0.7218041136468002,1.9971245024823399,donchian20_exit
P5_MOMENTUM_AND_BREAKOUT_TOP40,fixed_risk_0_5pct,ETHUSDT_2024-04-27T17:30:00+00:00,2024-04-27 17:30:00+00:00,2024-04-27 17:31:00+00:00,2024-04-28 10:00:00+00:00,3175.89,3176.525178,3298.06,3297.400388,0.11238482501236337,3129.9416065714286,15.527857142857133,13.584539324182693,0.1784966131384482,0.18528888280053954,0.36378549593898774,13.220753828243705,0.012626580960777149,1047.0573046901832,1060.2780585184269,-0.1961106398638319,10.583226036156235,donchian20_exit
P5_MOMENTUM_AND_BREAKOUT_TOP40,fixed_risk_0_5pct,ETHUSDT_2024-05-04T10:45:00+00:00,2024-05-04 10:45:00+00:00,2024-05-04 10:46:00+00:00,2024-05-05 00:30:00+00:00,3123.72,3124.3447439999995,3093.85,3093.23123,0.16091987358806786,3091.4004582857133,10.981428571428685,-5.006782739760526,0.2513845806250121,0.24888118925513183,0.5002657698801439,-5.507048509640669,-0.005193966304778494,1060.2780585184269,1054.771010008786,-1.974674229218107,3.9252867438532344,donchian20_exit
P5_MOMENTUM_AND_BREAKOUT_TOP40,fixed_risk_0_5pct,ETHUSDT_2024-05-15T19:30:00+00:00,2024-05-15 19:30:00+00:00,2024-05-15 19:31:00+00:00,2024-05-16 02:45:00+00:00,3005.82,3006.4211640000003,3002.45,3001.84951,0.1255936087307191,2964.429735428572,13.997142857142794,-0.5741705237282655,0.18879364167558454,0.1885065564137204,0.37730019808930493,-0.9514707218175704,-0.0009020637776247233,1054.771010008786,1053.8195392869686,-0.3680153908961367,2.3954057154521293,donchian20_exit
P5_MOMENTUM_AND_BREAKOUT_TOP40,fixed_risk_0_5pct,ETHUSDT_2024-05-17T08:00:00+00:00,2024-05-17 08:00:00+00:00,2024-05-17 08:01:00+00:00,2024-05-18 14:30:00+00:00,3025.59,3026.195118,3098.45,3097.83031,0.1204522513146013,2982.4508322857146,14.581428571428562,8.628620149753685,0.18225600744017778,0.18657031751505462,0.3688263249552324,8.259793824798454,0.007837958508899127,1053.8195392869686,1062.079333111767,-0.6888980699519986,8.240953992358211,donchian20_exit
P5_MOMENTUM_AND_BREAKOUT_TOP40,fixed_risk_0_5pct,ETHUSDT_2024-05-20T19:15:00+00:00,2024-05-20 19:15:00+00:00,2024-05-20 19:16:00+00:00,2024-05-21 17:00:00+00:00,3144.0,3144.6288,3737.08,3736.332584,0.06042732707308083,3056.7480857142855,29.29357142857147,35.755078086147584,0.09501075651051484,0.11288829555358863,0.20789905206410347,35.547179034083484,0.03346941977482459,1062.079333111767,1097.6265121458505,-0.15460047304381977,24.05412401550801,donchian20_exit
P5_MOMENTUM_AND_BREAKOUT_TOP40,fixed_risk_0_5pct,ETHUSDT_2024-05-23T11:15:00+00:00,2024-05-23 11:15:00+00:00,2024-05-23 11:16:00+00:00,2024-05-23 13:46:00+00:00,3847.03,3847.799406,3780.8801202857144,3780.1239442616575,0.0820112244497204,3780.8801202857144,22.306428571428537,-5.550147482361681,0.1577813703614834,0.15500629662030257,0.31278766698178595,-5.862935149343468,-0.005341466413635982,1097.6265121458505,1091.763576996507,-5.191301943706186,4.7112245541003395,atr_stop
P5_MOMENTUM_AND_BREAKOUT_TOP40,fixed_risk_0_5pct,ETHUSDT_2024-05-27T02:15:00+00:00,2024-05-27 02:15:00+00:00,2024-05-27 02:16:00+00:00,2024-05-27 19:00:00+00:00,3902.45,3903.23049,3914.27,3913.487146,0.10975177055384013,3853.492632857143,16.579285714285724,1.12568615596167,0.21419322857861647,0.2147560716565973,0.42894930023521377,0.6967368557264563,0.0006381755816064245,1091.763576996507,1092.4603138522334,-1.0392781870664822,4.630447374089892,donchian20_exit
P5_MOMENTUM_AND_BREAKOUT_TOP40,fixed_risk_0_5pct,ETHUSDT_2024-07-15T22:00:00+00:00,2024-07-15 22:00:00+00:00,2024-07-15 22:01:00+00:00,2024-07-16 05:15:00+00:00,3420.62,3421.304124,3434.16,3433.473168,0.09107413861356992,3361.327695428571,19.99214285714288,1.1082852000506507,0.15579616301417717,0.15635030561420252,0.3121464686283797,0.796138731422271,0.0007287575771195996,1092.4603138522334,1093.2564525836556,-0.13525933759689723,3.8232958090678544,donchian20_exit
P5_MOMENTUM_AND_BREAKOUT_TOP40,fixed_risk_0_5pct,ETHUSDT_2024-07-29T06:15:00+00:00,2024-07-29 06:15:00+00:00,2024-07-29 06:16:00+00:00,2024-07-29 13:30:00+00:00,3365.01,3365.683002,3356.55,3355.8786900000005,0.12826486940341889,3323.0658591428573,14.205714285714228,-1.257548798270341,0.21584944535241843,0.21522067095328326,0.4310701163057017,-1.6886189145760429,-0.001544577130631507,1093.2564525836556,1091.5678336690796,-0.400050422365275,2.1390686444086695,donchian20_exit
P5_MOMENTUM_AND_BREAKOUT_TOP40,fixed_risk_0_5pct,ETHUSDT_2024-08-08T22:45:00+00:00,2024-08-08 22:45:00+00:00,2024-08-08 22:46:00+00:00,2024-08-09 10:15:00+00:00,2649.18,2649.709836,2639.3,2638.77214,0.07028704395768175,2572.0591217142855,25.883571428571486,-0.768778319547757,0.09312013585901684,0.09273574669924296,0.1858558825582598,-0.9546342021060168,-0.0008745532551075743,1091.5678336690796,1090.6131994669736,-0.21325635124320214,2.861280724121752,donchian20_exit
P5_MOMENTUM_AND_BREAKOUT_TOP40,fixed_risk_0_5pct,ETHUSDT_2024-09-20T03:45:00+00:00,2024-09-20 03:45:00+00:00,2024-09-20 03:46:00+00:00,2024-09-20 13:00:00+00:00,2475.92,2476.415184,2534.07,2533.5631860000003,0.15489464557122223,2441.210184,11.734999999999966,8.851919514893556,0.19179172610643655,0.19621768586388333,0.3880094119703199,8.463910102923236,0.007760689222411657,1090.6131994669736,1099.0771095698967,-0.04219718789944168,8.160614912654465,donchian20_exit
P5_MOMENTUM_AND_BREAKOUT_TOP40,fixed_risk_0_5pct,ETHUSDT_2024-09-23T03:00:00+00:00,2024-09-23 03:00:00+00:00,2024-09-23 03:01:00+00:00,2024-09-23 23:15:00+00:00,2631.05,2631.57621,2641.07,2640.5417860000002,0.08869144927072757,2569.6154957142858,20.653571428571468,0.7951699289868576,0.11669915396563427,0.1170967389301277,0.23379589289576197,0.5613740360910956,0.0005107685631909655,1099.0771095698967,1099.6384836059879,-0.07437987203874091,3.409763306242412,donchian20_exit
P5_MOMENTUM_AND_BREAKOUT_TOP40,fixed_risk_0_5pct,ETHUSDT_2024-10-14T14:15:00+00:00,2024-10-14 14:15:00+00:00,2024-10-14 14:16:00+00:00,2024-10-15 03:30:00+00:00,2580.33,2580.846066,2616.8,2616.27664,0.122984380406172,2536.1396374285714,14.902142857142833,4.3574071908250245,0.15870187717535825,0.16088058077077078,0.31958245794612905,4.037824732878896,0.0036719565503363118,1099.6384836059879,1103.6763083388666,-0.4594014475387169,4.871375526050924,donchian20_exit
P5_MOMENTUM_AND_BREAKOUT_TOP40,fixed_risk_0_5pct,ETHUSDT_2024-10-29T16:45:00+00:00,2024-10-29 16:45:00+00:00,2024-10-29 16:46:00+00:00,2024-10-29 20:15:00+00:00,2650.1,2650.63002,2613.0,2612.4774,0.12424589759527949,2606.21502,14.804999999999998,-4.740306517511592,0.16466495301394682,0.162294799755191,0.3269597527691378,-5.06726627028073,-0.004591261252955069,1103.6763083388666,1098.609042068586,-2.380953731847349,2.107394799054364,donchian20_exit
P5_MOMENTUM_AND_BREAKOUT_TOP40,fixed_risk_0_5pct,ETHUSDT_2024-11-06T02:15:00+00:00,2024-11-06 02:15:00+00:00,2024-11-06 02:16:00+00:00,2024-11-07 06:30:00+00:00,2499.39,2499.889878,2791.07,2790.511786,0.08304192225728206,2433.742020857143,22.04928571428572,24.133801890398985,0.10379783045032118,0.11586473139552067,0.21966256184584185,23.91413932855314,0.02176765201524728,1098.609042068586,1122.523181397139,-0.025845644497700687,17.35521626226959,donchian20_exit
P5_MOMENTUM_AND_BREAKOUT_TOP40,fixed_risk_0_5pct,ETHUSDT_2024-11-08T00:00:00+00:00,2024-11-08 00:00:00+00:00,2024-11-08 00:01:00+00:00,2024-11-08 17:00:00+00:00,2899.54,2900.119908,2895.02,2894.4409960000003,0.09133205790478131,2838.667050857143,20.484285714285697,-0.5186667196201442,0.13243695968413255,0.13217762632432245,0.264614586008455,-0.7832813056285992,-0.0006977863073203484,1122.523181397139,1121.7399000915104,-0.6663599693144777,2.8255850756677425,donchian20_exit
P5_MOMENTUM_AND_BREAKOUT_TOP40,fixed_risk_0_5pct,ETHUSDT_2024-11-09T22:45:00+00:00,2024-11-09 22:45:00+00:00,2024-11-09 22:46:00+00:00,2024-11-10 14:30:00+00:00,3091.98,3092.598396,3178.22,3177.584356,0.12581805990547115,3048.0205388571426,14.859285714285695,10.692768606403972,0.19455236512574597,0.19989874942894797,0.39445111455469395,10.298317491849277,0.009180664333157045,1121.7399000915104,1132.0382175833597,-0.1122796904292761,9.987129048694943,donchian20_exit
P5_MOMENTUM_AND_BREAKOUT_TOP40,fixed_risk_0_5pct,ETHUSDT_2024-11-11T16:15:00+00:00,2024-11-11 16:15:00+00:00,2024-11-11 16:16:00+00:00,2024-11-12 10:30:00+00:00,3249.56,3250.209912,3284.34,3283.683132,0.05883031933215686,3153.997769142857,32.070714285714175,1.9692402216755578,0.09560544350975071,0.0965900636205885,0.19219550713033923,1.7770447145452186,0.0015697744890086828,1132.0382175833597,1133.8152622979048,-0.18739563910109716,6.198492688033167,donchian20_exit
P5_MOMENTUM_AND_BREAKOUT_TOP40,fixed_risk_0_5pct,ETHUSDT_2024-11-16T11:45:00+00:00,2024-11-16 11:45:00+00:00,2024-11-16 11:46:00+00:00,2024-11-16 22:45:00+00:00,3151.44,3152.070288,3134.76,3134.133048,0.12113410921986234,3105.270288,15.599999999999975,-2.172811589262853,0.19091161326763748,0.18982520747300605,0.3807368207406435,-2.5535484100034966,-0.0022521732551281917,1133.8152622979048,1131.2617138879014,-1.9846338461538262,4.526904615384655,donchian20_exit
P5_MOMENTUM_AND_BREAKOUT_TOP40,fixed_risk_0_5pct,ETHUSDT_2024-11-21T12:00:00+00:00,2024-11-21 12:00:00+00:00,2024-11-21 12:01:00+00:00,2024-11-22 00:30:00+00:00,3148.74,3149.3697479999996,3333.61,3332.943278,0.10803465254935746,3097.0133194285713,17.45214285714282,19.83230253080911,0.1701205332373187,0.18003668450272325,0.35015721774004194,19.482145313069065,0.017221607585492443,1131.2617138879014,1150.7438592009705,-0.04811718577330042,13.787433094585237,donchian20_exit
P5_MOMENTUM_AND_BREAKOUT_TOP40,fixed_risk_0_5pct,ETHUSDT_2024-11-22T04:15:00+00:00,2024-11-22 04:15:00+00:00,2024-11-22 04:16:00+00:00,2024-11-22 10:00:00+00:00,3366.05,3366.72321,3348.15,3347.48037,0.08398189055430588,3298.2117814285716,22.837142857142812,-1.6160500828340099,0.1413718900744307,0.14056386503301369,0.2819357551074444,-1.8979858379414543,-0.0016493556083447952,1150.7438592009705,1148.845873363029,-0.6052950706868512,2.7703461153509155,donchian20_exit
P5_MOMENTUM_AND_BREAKOUT_TOP40,fixed_risk_0_5pct,ETHUSDT_2024-11-23T14:15:00+00:00,2024-11-23 14:15:00+00:00,2024-11-23 14:16:00+00:00,2024-11-23 16:23:00+00:00,3465.01,3465.703002,3400.6372877142862,3399.9571602567435,0.08828350583521323,3400.6372877142862,21.688571428571386,-5.804273403181812,0.15298220560009151,0.1500800688985006,0.30306227449859213,-6.107335677680403,-0.005316061814107695,1148.845873363029,1142.7385376853488,-3.90542098537744,1.5324659860360985,atr_stop
P5_MOMENTUM_AND_BREAKOUT_TOP40,fixed_risk_0_5pct,ETHUSDT_2024-11-27T19:15:00+00:00,2024-11-27 19:15:00+00:00,2024-11-27 19:16:00+00:00,2024-11-28 03:00:00+00:00,3581.01,3581.7262020000003,3614.97,3614.247006,0.09158131276887527,3519.3369162857143,20.79642857142861,2.978297922619269,0.16400959377891888,0.1654987427402285,0.32950833651914735,2.6487895861001216,0.002317931441662346,1142.7385376853488,1145.3873272714488,-0.07338769706339367,5.110194648806452,donchian20_exit
P5_MOMENTUM_AND_BREAKOUT_TOP40,fixed_risk_0_5pct,ETHUSDT_2024-11-30T05:45:00+00:00,2024-11-30 05:45:00+00:00,2024-11-30 05:46:00+00:00,2024-11-30 10:45:00+00:00,3668.99,3669.7237979999995,3644.34,3643.6111320000005,0.0888487510073158,3605.266655142857,21.485714285714234,-2.3200777595711193,0.16302518799706162,0.16186514911727606,0.3248903371143377,-2.644968096685457,-0.0023092346437831837,1145.3873272714488,1142.7423591747634,-0.5456554920212643,2.805408337765992,donchian20_exit
P5_MOMENTUM_AND_BREAKOUT_TOP40,fixed_risk_0_5pct,ETHUSDT_2024-12-04T20:00:00+00:00,2024-12-04 20:00:00+00:00,2024-12-04 20:01:00+00:00,2024-12-05 00:30:00+00:00,3842.78,3843.548556,3803.51,3802.749298,0.06891344045473126,3760.637127428572,27.637142857142766,-2.8116172367802186,0.13243607727438717,0.13103026865599704,0.2634663459303842,-3.0750835827106027,-0.002690968404226556,1142.7423591747634,1139.6672755920526,-1.4284601054481607,1.7169446293807376,donchian20_exit
P5_MOMENTUM_AND_BREAKOUT_TOP40,fixed_risk_0_5pct,ETHUSDT_2024-12-12T03:15:00+00:00,2024-12-12 03:15:00+00:00,2024-12-12 03:16:00+00:00,2024-12-12 10:00:00+00:00,3880.0,3880.776,3898.61,3897.8302780000004,0.09331919016873004,3819.713142857143,20.35428571428562,1.5914914118724377,0.18107543677312174,0.18187118247905795,0.3629466192521797,1.228544792620258,0.0010779854953561195,1139.6672755920526,1140.895820384673,-0.4424620999438382,3.2840258281864156,donchian20_exit
P5_MOMENTUM_AND_BREAKOUT_TOP40,fixed_risk_0_5pct,ETHUSDT_2024-12-16T18:30:00+00:00,2024-12-16 18:30:00+00:00,2024-12-16 18:31:00+00:00,2024-12-16 23:15:00+00:00,4047.03,4047.839406,3993.85,3993.05123,0.06878786169416622,3964.9108345714285,27.642857142857142,-3.7687614731636385,0.13922110861006198,0.13733672787348017,0.27655783648354215,-4.045319309647181,-0.0035457394420844056,1140.895820384673,1136.850501075026,-1.1738803204134443,2.248341901808781,donchian20_exit
P5_MOMENTUM_AND_BREAKOUT_TOP40,fixed_risk_0_5pct,ETHUSDT_2024-12-23T22:15:00+00:00,2024-12-23 22:15:00+00:00,2024-12-23 22:16:00+00:00,2024-12-24 02:00:00+00:00,3425.58,3426.265116,3373.47,3372.795306,0.0670572619741916,3341.4979731428575,28.255714285714248,-3.585539056880253,0.11487797873832298,0.11308520920988285,0.22796318794820583,-3.8135022448284595,-0.003354444793948144,1136.850501075026,1133.0369988301975,-1.8143273775216193,1.397412346428033,donchian20_exit
P5_MOMENTUM_AND_BREAKOUT_TOP40,fixed_risk_0_5pct,ETHUSDT_2024-12-24T15:15:00+00:00,2024-12-24 15:15:00+00:00,2024-12-24 15:16:00+00:00,2024-12-25 11:45:00+00:00,3448.33,3449.0196659999997,3469.63,3468.936074,0.09798209907606777,3391.2010945714283,19.272857142857156,1.9514514618954377,0.16897109331465907,0.1699468190456068,0.33891791236026586,1.6125335495351718,0.0014231958455019826,1133.0369988301975,1134.6495323797326,-0.9868628122451889,5.084369861389093,donchian20_exit
P5_MOMENTUM_AND_BREAKOUT_TOP40,fixed_risk_0_5pct,ETHUSDT_2025-01-03T16:00:00+00:00,2025-01-03 16:00:00+00:00,2025-01-03 16:01:00+00:00,2025-01-04 01:00:00+00:00,3567.85,3568.56357,3585.58,3584.862884,0.09245409888087407,3507.2007128571427,20.454285714285657,1.5069383882464449,0.16496416458173246,0.1657176337758557,0.33068179835758815,1.1762565898888568,0.0010366695233389473,1134.6495323797326,1135.8257889696215,-0.07644217069422288,3.0035969409135426,donchian20_exit
P5_MOMENTUM_AND_BREAKOUT_TOP40,fixed_risk_0_5pct,ETHUSDT_2025-01-15T14:45:00+00:00,2025-01-15 14:45:00+00:00,2025-01-15 14:46:00+00:00,2025-01-16 02:45:00+00:00,3295.44,3296.099088,3384.15,3383.47317,0.08296062650292525,3227.6433737142856,22.818571428571463,7.248608582837987,0.13672322267810028,0.14034752696951927,0.2770707496476196,6.971537833190368,0.00613785837660429,1135.8257889696215,1142.7973268028118,-0.27780389407123307,7.749429562386501,donchian20_exit
P5_MOMENTUM_AND_BREAKOUT_TOP40,fixed_risk_0_5pct,ETHUSDT_2025-01-17T20:30:00+00:00,2025-01-17 20:30:00+00:00,2025-01-17 20:31:00+00:00,2025-01-18 01:30:00+00:00,3493.77,3494.468754,3460.46,3459.7679080000003,0.09474921280152179,3434.1623254285714,20.102142857142876,-3.2878778420468104,0.16554908180050737,0.16390514287948396,0.3294542246799913,-3.6173320667268016,-0.0031653312288076147,1142.7973268028118,1139.179994736085,-1.6649346409409076,1.5113436520626757,donchian20_exit
P5_MOMENTUM_AND_BREAKOUT_TOP40,fixed_risk_0_5pct,ETHUSDT_2025-01-24T05:45:00+00:00,2025-01-24 05:45:00+00:00,2025-01-24 05:46:00+00:00,2025-01-24 15:30:00+00:00,3377.18,3377.855436,3361.0,3360.3278,0.08664189362052883,3312.1147217142857,21.913571428571426,-1.5186275737313344,0.14633189567571853,0.14557258188885286,0.2919044775645714,-1.8105320512959058,-0.0015893292189662737,1139.179994736085,1137.3694626847891,-0.300974947032154,2.3790993709051715,donchian20_exit
P5_MOMENTUM_AND_BREAKOUT_TOP40,fixed_risk_0_5pct,ETHUSDT_2025-01-30T13:15:00+00:00,2025-01-30 13:15:00+00:00,2025-01-30 13:16:00+00:00,2025-01-30 20:30:00+00:00,3247.28,3247.9294560000003,3229.79,3229.144042,0.16489760653646376,3213.4423131428575,11.495714285714191,-3.097669806396644,0.2677878967468394,0.2662390618436411,0.5340269585904804,-3.631696764987124,-0.003193066882958518,1137.3694626847891,1133.737765919802,-0.8611431837952073,3.0159538710078344,donchian20_exit
P5_MOMENTUM_AND_BREAKOUT_TOP40,fixed_risk_0_5pct,ETHUSDT_2025-01-31T15:15:00+00:00,2025-01-31 15:15:00+00:00,2025-01-31 15:16:00+00:00,2025-01-31 18:30:00+00:00,3352.66,3353.330532,3309.6,3308.93808,0.09647307248019957,3294.5712462857146,19.58642857142851,-4.282676239369785,0.1617530497318511,0.1596117116121662,0.32136476134401726,-4.604041000713802,-0.004060939962583447,1133.737765919802,1129.1337249190883,-0.550918814047631,4.240664279202093,donchian20_exit
P5_MOMENTUM_AND_BREAKOUT_TOP40,fixed_risk_0_5pct,ETHUSDT_2025-02-12T22:15:00+00:00,2025-02-12 22:15:00+00:00,2025-02-12 22:16:00+00:00,2025-02-13 06:30:00+00:00,2679.57,2680.105914,2697.88,2697.340424,0.09444527380787729,2620.3287711428575,19.92571428571429,1.6277180158945779,0.12656166844092062,0.1273755274488679,0.2539371958897885,1.3737808200047894,0.0012166679549875565,1129.1337249190883,1130.5075057390932,-0.1523616145683925,5.765619457986773,donchian20_exit
P5_MOMENTUM_AND_BREAKOUT_TOP40,fixed_risk_0_5pct,ETHUSDT_2025-02-17T14:00:00+00:00,2025-02-17 14:00:00+00:00,2025-02-17 14:01:00+00:00,2025-02-17 16:15:00+00:00,2777.85,2778.40557,2726.21,2725.664758,0.12426866004261243,2732.919141428571,15.162142857142888,-6.554030036799335,0.1726343686194154,0.16935735360101575,0.34199172222043117,-6.896021759019766,-0.006099934519684012,1130.5075057390932,1123.6114839800734,-2.7981249352239934,4.6401376548735165,donchian20_exit
P5_MOMENTUM_AND_BREAKOUT_TOP40,fixed_risk_0_5pct,ETHUSDT_2025-02-21T13:00:00+00:00,2025-02-21 13:00:00+00:00,2025-02-21 13:01:00+00:00,2025-02-21 15:25:00+00:00,2807.94,2808.501588,2768.4944451428573,2767.940746253829,0.1404263593619092,2768.4944451428573,13.335714285714305,-5.695811339069374,0.19719382663249033,0.19434592096295564,0.39153974759544596,-6.08735108666482,-0.005417665423908017,1123.6114839800734,1117.5241328934087,-3.837933754686652,2.7368921692554706,atr_stop
P5_MOMENTUM_AND_BREAKOUT_TOP40,fixed_risk_0_5pct,ETHUSDT_2025-03-02T16:30:00+00:00,2025-03-02 16:30:00+00:00,2025-03-02 16:31:00+00:00,2025-03-03 00:45:00+00:00,2264.29,2264.742858,2464.48,2463.9871040000003,0.04405846698574986,2137.920000857143,42.27428571428579,8.778396034491633,0.0498905492202029,0.05427974723744871,0.1041702964576516,8.674225738033982,0.007762003059008073,1117.5241328934087,1126.1983586314427,-0.015206832927821544,6.747769647201931,donchian20_exit
P5_MOMENTUM_AND_BREAKOUT_TOP40,fixed_risk_0_5pct,ETHUSDT_2025-03-19T11:00:00+00:00,2025-03-19 11:00:00+00:00,2025-03-19 11:01:00+00:00,2025-03-20 01:30:00+00:00,1977.27,1977.665454,2022.95,2022.5454100000002,0.15792044291706936,1942.008311142857,11.88571428571426,7.0874625296186196,0.15615690221873355,0.15970063348354285,0.31585753570227637,6.771604993916343,0.006012799558814136,1126.1983586314427,1132.969963625359,-0.03916079326921732,7.74244978365387,donchian20_exit
P5_MOMENTUM_AND_BREAKOUT_TOP40,fixed_risk_0_5pct,ETHUSDT_2025-04-01T08:15:00+00:00,2025-04-01 08:15:00+00:00,2025-04-01 08:16:00+00:00,2025-04-01 14:00:00+00:00,1875.44,1875.815088,1849.27,1848.900146,0.2302985087370429,1851.217230857143,8.199285714285711,-6.198471005344029,0.2159987087164225,0.21289947321375044,0.42889818193017293,-6.627369187274201,-0.0058495541806487675,1132.969963625359,1126.342594438085,-2.491081383395764,1.9032038330865129,donchian20_exit
P5_MOMENTUM_AND_BREAKOUT_TOP40,fixed_risk_0_5pct,ETHUSDT_2025-04-12T08:00:00+00:00,2025-04-12 08:00:00+00:00,2025-04-12 08:01:00+00:00,2025-04-13 01:45:00+00:00,1580.11,1580.4260219999999,1616.24,1615.916752,0.2715854831410069,1559.6895934285712,6.9121428571428725,9.638767054077086,0.2146103823767448,0.2194297659037833,0.43404014828052806,9.204726905796559,0.008172226595398051,1126.342594438085,1135.5473213438815,-0.06018712410868652,12.937229430608612,donchian20_exit
P5_MOMENTUM_AND_BREAKOUT_TOP40,fixed_risk_0_5pct,ETHUSDT_2025-04-14T10:30:00+00:00,2025-04-14 10:30:00+00:00,2025-04-14 10:31:00+00:00,2025-04-14 15:30:00+00:00,1663.8,1664.13276,1636.14,1635.8127720000002,0.17064535431629144,1630.860617142857,11.090714285714252,-4.8326743864930775,0.141988262229774,0.13957192503652746,0.2815601872663015,-5.114234573759379,-0.004503761734655723,1135.5473213438815,1130.4330867701221,-1.5204394924969482,2.4738929606491844,donchian20_exit
P5_MOMENTUM_AND_BREAKOUT_TOP40,fixed_risk_0_5pct,ETHUSDT_2025-04-22T14:30:00+00:00,2025-04-22 14:30:00+00:00,2025-04-22 14:31:00+00:00,2025-04-23 15:15:00+00:00,1641.23,1641.558246,1765.71,1765.356858,0.14943500098938364,1603.7346745714285,12.607857142857142,18.499845706704328,0.12265312905757045,0.1319030519109226,0.2545561809684931,18.245289525735835,0.01614008802402126,1130.4330867701221,1148.678376295858,-0.17911418049969458,15.580899416463655,donchian20_exit
P5_MOMENTUM_AND_BREAKOUT_TOP40,fixed_risk_0_5pct,ETHUSDT_2025-05-01T15:00:00+00:00,2025-05-01 15:00:00+00:00,2025-05-01 15:01:00+00:00,2025-05-01 23:00:00+00:00,1846.03,1846.3992059999998,1835.21,1834.8429580000002,0.16365937257680457,1811.3056345714283,11.697857142857174,-1.891288297021894,0.15109026779013504,0.15014462364162412,0.3012348914317592,-2.192523188453653,-0.0019087354943721326,1148.678376295858,1146.4858531074044,-0.8847095560847456,2.2491977529462144,donchian20_exit
P5_MOMENTUM_AND_BREAKOUT_TOP40,fixed_risk_0_5pct,ETHUSDT_2025-05-08T03:30:00+00:00,2025-05-08 03:30:00+00:00,2025-05-08 03:31:00+00:00,2025-05-11 07:00:00+00:00,1865.49,1865.863098,2497.21,2496.710558,0.15091581051848174,1827.8788122857143,12.661428571428555,95.20485573942551,0.14079412087559767,0.18839654874531042,0.3291906696209081,94.8756650698046,0.08275345466553831,1146.4858531074044,1241.361518177209,-0.46859625409003736,58.61399429087222,donchian20_exit
P5_MOMENTUM_AND_BREAKOUT_TOP40,fixed_risk_0_5pct,ETHUSDT_2025-05-12T07:15:00+00:00,2025-05-12 07:15:00+00:00,2025-05-12 07:16:00+00:00,2025-05-12 14:15:00+00:00,2565.77,2566.2831539999997,2509.2,2508.69816,0.10675623651334727,2508.1431539999994,19.380000000000077,-6.147557239083665,0.1369833656743214,0.13390958705477957,0.27089295272910097,-6.4184501918127665,-0.0051704923165634235,1241.361518177209,1234.9430679853963,-2.3881916408668458,3.021509081527353,donchian20_exit
P5_MOMENTUM_AND_BREAKOUT_TOP40,fixed_risk_0_5pct,ETHUSDT_2025-05-13T18:45:00+00:00,2025-05-13 18:45:00+00:00,2025-05-13 18:46:00+00:00,2025-05-14 02:00:00+00:00,2630.72,2631.2461439999997,2653.6,2653.06928,0.0904237557755439,2562.959715428571,22.762142857142862,1.973329919920519,0.1189635793551988,0.11995024431515906,0.23891382367035785,1.7344160962501611,0.001404450246503729,1234.9430679853963,1236.6774840816465,-0.023554197131816307,4.717212112844023,donchian20_exit
P5_MOMENTUM_AND_BREAKOUT_TOP40,fixed_risk_0_5pct,ETHUSDT_2025-05-22T03:30:00+00:00,2025-05-22 03:30:00+00:00,2025-05-22 03:31:00+00:00,2025-05-22 19:45:00+00:00,2607.68,2608.2015359999996,2634.02,2633.493196,0.09386444591082249,2542.325821714285,21.958571428571467,2.373987652064943,0.12240869600019805,0.12359568982623052,0.24600438582642858,2.1279832662385143,0.0017207261340403146,1236.6774840816465,1238.805467347885,-0.3735004358857356,3.843987040530886,donchian20_exit
P5_MOMENTUM_AND_BREAKOUT_TOP40,fixed_risk_0_5pct,ETHUSDT_2025-05-29T02:15:00+00:00,2025-05-29 02:15:00+00:00,2025-05-29 02:16:00+00:00,2025-05-29 12:30:00+00:00,2709.61,2710.151922,2687.18,2686.6425639999998,0.11153089055362879,2654.6154934285714,18.512142857142862,-2.622019634084105,0.15113282869814434,0.1498218188811023,0.3009546475792466,-2.9229742816633517,-0.002359510317565069,1238.805467347885,1235.8824930662217,-0.5478524057568277,4.252780383532043,donchian20_exit
P5_MOMENTUM_AND_BREAKOUT_TOP40,fixed_risk_0_5pct,ETHUSDT_2025-06-09T21:00:00+00:00,2025-06-09 21:00:00+00:00,2025-06-09 21:01:00+00:00,2025-06-10 06:00:00+00:00,2590.01,2590.528002,2657.93,2657.398414,0.17914678618093446,2556.0344305714284,11.49785714285716,11.97961940039495,0.2320423830350087,0.23803219273520618,0.4700745757702149,11.509544824624736,0.00931281484218583,1235.8824930662217,1247.3920378908465,-0.04592177424364672,11.854556575759453,donchian20_exit
P5_MOMENTUM_AND_BREAKOUT_TOP40,fixed_risk_0_5pct,ETHUSDT_2025-06-10T11:15:00+00:00,2025-06-10 11:15:00+00:00,2025-06-10 11:16:00+00:00,2025-06-11 08:15:00+00:00,2713.13,2713.672626,2778.3,2777.74434,0.15209183371193552,2672.664768857143,13.669285714285675,9.744784471326716,0.2063637228911117,0.21123611512677506,0.4175998380178868,9.327184633308828,0.0074773482193133955,1247.3920378908465,1256.7192225241554,-1.8393518524324621,8.819581104666378,donchian20_exit
P5_MOMENTUM_AND_BREAKOUT_TOP40,fixed_risk_0_5pct,ETHUSDT_2025-06-16T07:00:00+00:00,2025-06-16 07:00:00+00:00,2025-06-16 07:01:00+00:00,2025-06-16 11:15:00+00:00,2611.98,2612.502396,2596.95,2596.43061,0.17726664566294306,2577.0552531428575,11.815714285714193,-2.8489915940326447,0.2315547682626609,0.23013027246564455,0.4616850407283054,-3.3106766347609504,-0.0026343805166848364,1256.7192225241554,1253.4085458893944,-0.3810515294401923,2.1325502115826627,donchian20_exit
P5_MOMENTUM_AND_BREAKOUT_TOP40,fixed_risk_0_5pct,ETHUSDT_2025-06-23T22:00:00+00:00,2025-06-23 22:00:00+00:00,2025-06-23 22:01:00+00:00,2025-06-24 08:00:00+00:00,2341.68,2342.1483359999997,2385.49,2385.012902,0.08899701601876303,2271.7297645714284,23.47285714285707,3.8148184669393426,0.10422210648865558,0.10612951572212526,0.21035162221078085,3.6044668447285617,0.002875731824670863,1253.4085458893944,1257.0130127341229,-0.11239944008275252,4.168715525531026,donchian20_exit
P5_MOMENTUM_AND_BREAKOUT_TOP40,fixed_risk_0_5pct,ETHUSDT_2025-07-02T16:00:00+00:00,2025-07-02 16:00:00+00:00,2025-07-02 16:01:00+00:00,2025-07-03 00:15:00+00:00,2496.64,2497.1393279999998,2567.18,2566.666564,0.13666155824463105,2451.1493279999995,15.330000000000025,9.501700412202258,0.17063147585921543,0.17538232606531654,0.34601380192453196,9.155686610277726,0.007283684828658406,1257.0130127341229,1266.1686993444007,-0.20217403783428972,7.896977951728613,donchian20_exit
P5_MOMENTUM_AND_BREAKOUT_TOP40,fixed_risk_0_5pct,ETHUSDT_2025-07-09T18:00:00+00:00,2025-07-09 18:00:00+00:00,2025-07-09 18:01:00+00:00,2025-07-10 12:00:00+00:00,2660.5,2661.0321,2767.82,2767.2664360000003,0.157609689613423,2620.864242857143,13.389285714285734,16.74356072324816,0.2097022216661776,0.21807400202780167,0.4277762236939793,16.31578449955418,0.012885948379550212,1266.1686993444007,1282.4844838439549,-0.07110909575886953,12.039320352093876,donchian20_exit
P5_MOMENTUM_AND_BREAKOUT_TOP40,fixed_risk_0_5pct,ETHUSDT_2025-07-10T21:15:00+00:00,2025-07-10 21:15:00+00:00,2025-07-10 21:16:00+00:00,2025-07-11 15:45:00+00:00,2822.51,2823.074502,2950.45,2949.8599099999997,0.1062928922543214,2762.746644857143,20.109285714285665,13.47638771196415,0.15003637693350402,0.1567745707894861,0.3068109477229901,13.169576764241162,0.010268800075279163,1282.4844838439549,1295.654060608196,-0.03553094874435475,10.8345717046141,donchian20_exit
P5_MOMENTUM_AND_BREAKOUT_TOP40,fixed_risk_0_5pct,ETHUSDT_2025-07-15T23:00:00+00:00,2025-07-15 23:00:00+00:00,2025-07-15 23:01:00+00:00,2025-07-17 01:45:00+00:00,3119.88,3120.503976,3337.84,3337.1724320000003,0.11984431967358262,3066.4482617142858,18.018571428571445,25.96648370404561,0.1869873380212148,0.1999705798732376,0.38695791789445244,25.57952578615116,0.0197425582675547,1295.654060608196,1321.2335863943472,-1.1601350352810682,16.81409789899307,donchian20_exit
P5_MOMENTUM_AND_BREAKOUT_TOP40,fixed_risk_0_5pct,ETHUSDT_2025-07-17T06:15:00+00:00,2025-07-17 06:15:00+00:00,2025-07-17 06:16:00+00:00,2025-07-17 13:30:00+00:00,3370.14,3370.814028,3381.62,3380.943676,0.11356657954223359,3312.6440279999997,19.390000000000004,1.1503894753268376,0.1914059097164694,0.1919811044541328,0.38338701417060217,0.7670024611562354,0.0005805199542719685,1321.2335863943472,1322.0005888555033,-0.4210432181536644,5.76616668385765,donchian20_exit
P5_MOMENTUM_AND_BREAKOUT_TOP40,fixed_risk_0_5pct,ETHUSDT_2025-07-18T01:00:00+00:00,2025-07-18 01:00:00+00:00,2025-07-18 01:01:00+00:00,2025-07-18 14:30:00+00:00,3532.03,3532.736406,3577.04,3576.324592,0.07516980311587011,3444.8021202857144,29.311428571428582,3.2765153597979224,0.13277755004964328,0.13441580772954226,0.2671933577791855,3.0093220020187372,0.0022763393809256925,1322.0005888555033,1325.009910857522,-0.28133756701432916,4.834073291743838,donchian20_exit
P5_MOMENTUM_AND_BREAKOUT_TOP40,fixed_risk_0_5pct,ETHUSDT_2025-08-04T14:00:00+00:00,2025-08-04 14:00:00+00:00,2025-08-04 14:01:00+00:00,2025-08-05 01:45:00+00:00,3620.19,3620.914038,3678.81,3678.074238,0.13003405921941782,3569.9654665714284,16.982857142857192,7.4327728317938,0.23542107522285666,0.23913746163875357,0.4745585368616102,6.95821429493219,0.005251443206510781,1325.009910857522,1331.9681251524541,-0.05382121467024485,6.717713105652769,donchian20_exit
P5_MOMENTUM_AND_BREAKOUT_TOP40,fixed_risk_0_5pct,ETHUSDT_2025-08-07T10:00:00+00:00,2025-08-07 10:00:00+00:00,2025-08-07 10:01:00+00:00,2025-08-08 08:30:00+00:00,3728.78,3729.525756,3890.2,3889.42196,0.1332558258095331,3679.547898857143,16.659285714285684,21.307100707829587,0.24849051724685162,0.25914406760076647,0.507634584847618,20.799466122981972,0.015615588489102402,1331.9681251524541,1352.7675912754362,-0.045365450413749106,14.36341558118596,donchian20_exit
P5_MOMENTUM_AND_BREAKOUT_TOP40,fixed_risk_0_5pct,ETHUSDT_2025-08-08T13:45:00+00:00,2025-08-08 13:45:00+00:00,2025-08-08 13:46:00+00:00,2025-08-08 23:30:00+00:00,3943.97,3944.758794,4010.99,4010.187802,0.11885595936950762,3887.8509368571426,18.969285714285757,7.776627516435196,0.23442904547108592,0.23831735922930353,0.4727464047003894,7.303881111734807,0.00539921355215825,1352.7675912754362,1360.071472387171,-1.0416203486839484,6.602315336822675,donchian20_exit
P5_MOMENTUM_AND_BREAKOUT_TOP40,fixed_risk_0_5pct,ETHUSDT_2025-08-09T05:00:00+00:00,2025-08-09 05:00:00+00:00,2025-08-09 05:01:00+00:00,2025-08-10 07:30:00+00:00,4075.5,4076.3151,4175.57,4174.734886,0.09481625641579726,4004.5936714285713,23.907142857142812,9.33179566576393,0.1932504688765931,0.1979163667094751,0.39116683558606824,8.940628830177863,0.006573646320575671,1360.071472387171,1369.012101217349,-0.04831610397369845,10.69449835673738,donchian20_exit
P5_MOMENTUM_AND_BREAKOUT_TOP40,fixed_risk_0_5pct,ETHUSDT_2025-08-12T12:30:00+00:00,2025-08-12 12:30:00+00:00,2025-08-12 12:31:00+00:00,2025-08-14 10:30:00+00:00,4345.67,4346.539134,4705.75,4704.80885,0.08809844644108074,4268.8412768571425,25.899285714285593,31.56300538648727,0.1914616725503802,0.20724317524362385,0.39870484779400406,31.164300538693265,0.022764079668091637,1369.012101217349,1400.1764017560422,-0.309627612454817,17.276957787032288,donchian20_exit
P5_MOMENTUM_AND_BREAKOUT_TOP40,fixed_risk_0_5pct,ETHUSDT_2025-08-22T14:00:00+00:00,2025-08-22 14:00:00+00:00,2025-08-22 14:01:00+00:00,2025-08-23 01:15:00+00:00,4386.59,4387.467318,4771.0,4770.0458,0.047388794505005674,4239.734460857143,49.24428571428565,18.129933065535006,0.1039583935650652,0.11302336009783269,0.2169817536628979,17.912951311872106,0.012793353244210114,1400.1764017560422,1418.0893530679143,-0.17438201966870295,10.17422985698123,donchian20_exit
P5_MOMENTUM_AND_BREAKOUT_TOP40,fixed_risk_0_5pct,ETHUSDT_2025-08-24T17:30:00+00:00,2025-08-24 17:30:00+00:00,2025-08-24 17:31:00+00:00,2025-08-24 19:37:00+00:00,4861.5,4862.472299999999,4770.993728571429,4770.039529825714,0.07750937355723796,4770.993728571429,30.49285714285705,-7.164406112368979,0.188443590956211,0.1848613879000265,0.3733049788562375,-7.537711091225216,-0.005315399255285308,1418.0893530679143,1410.551641976689,-3.9928137737174834,3.1219672054345584,atr_stop
P5_MOMENTUM_AND_BREAKOUT_TOP40,fixed_risk_0_5pct,ETHUSDT_2025-09-12T22:15:00+00:00,2025-09-12 22:15:00+00:00,2025-09-12 22:16:00+00:00,2025-09-13 13:45:00+00:00,4664.37,4665.302874,4684.0,4683.0632000000005,0.10245251874279512,4596.463588285715,22.946428571428505,1.819590132393206,0.23898601506965048,0.2398958101358471,0.4788818252054976,1.3407083071877084,0.0009504850919948559,1410.551641976689,1411.8923502838768,-0.048062991439692004,4.4755167750973,donchian20_exit
P5_MOMENTUM_AND_BREAKOUT_TOP40,fixed_risk_0_5pct,ETHUSDT_2025-10-02T19:00:00+00:00,2025-10-02 19:00:00+00:00,2025-10-02 19:01:00+00:00,2025-10-03 07:15:00+00:00,4483.56,4484.456712,4452.79,4451.899442,0.09663026087454,4411.400283428571,24.352142857142876,-3.1460174934628586,0.21666711098057095,0.21509410223383957,0.4317612132144105,-3.5777787066772695,-0.0025340308033809495,1411.8923502838768,1408.3145715771996,-1.2728535711143165,3.061056615727579,donchian20_exit
P5_MOMENTUM_AND_BREAKOUT_TOP40,fixed_risk_0_5pct,ETHUSDT_2025-10-06T15:15:00+00:00,2025-10-06 15:15:00+00:00,2025-10-06 15:16:00+00:00,2025-10-07 08:00:00+00:00,4662.61,4663.542522,4651.64,4650.709672000001,0.09023443264629519,4585.506093428571,26.0121428571428,-1.1579649389849074,0.21040605679727128,0.20982707432777883,0.4202331311250501,-1.5781980701099574,-0.001120628943249875,1408.3145715771996,1406.7363735070896,-0.22998958728063182,2.7466971249691197,donchian20_exit
P5_MOMENTUM_AND_BREAKOUT_TOP40,fixed_risk_0_5pct,ETHUSDT_2025-10-26T22:00:00+00:00,2025-10-26 22:00:00+00:00,2025-10-26 22:01:00+00:00,2025-10-27 08:00:00+00:00,4089.27,4090.087854,4187.2,4186.36256,0.12837863233403296,4035.2992825714286,18.262857142857065,12.359615084641078,0.2625399424112799,0.2687197499536005,0.5312596923648805,11.828355392276197,0.008408366780754593,1406.7363735070896,1418.564728899366,-0.05956647371714583,8.920408494993803,donchian20_exit
P5_MOMENTUM_AND_BREAKOUT_TOP40,fixed_risk_0_5pct,ETHUSDT_2025-11-09T14:15:00+00:00,2025-11-09 14:15:00+00:00,2025-11-09 14:16:00+00:00,2025-11-10 14:30:00+00:00,3469.56,3470.2539119999997,3580.37,3579.653926,0.11545920076154088,3408.822483428571,20.477142857142876,12.631238179741416,0.2003363715595653,0.206651990649436,0.4069883622090013,12.224249817532415,0.008617336642098065,1418.564728899366,1430.7889787168983,-0.05586287149432987,9.168568550299995,donchian20_exit
P5_MOMENTUM_AND_BREAKOUT_TOP40,fixed_risk_0_5pct,ETHUSDT_2025-11-24T05:00:00+00:00,2025-11-24 05:00:00+00:00,2025-11-24 05:01:00+00:00,2025-11-24 09:15:00+00:00,2823.92,2824.484784,2793.19,2792.631362,0.08964602499949242,2744.6826411428574,26.600714285714307,-2.855532664931394,0.126601916778575,0.1251741504461093,0.25177606722468426,-3.107308732156078,-0.0021717449451858707,1430.7889787168983,1427.6816699847423,-0.7321150774683848,2.2674284364007447,donchian20_exit
P5_MOMENTUM_AND_BREAKOUT_TOP40,fixed_risk_0_5pct,ETHUSDT_2025-11-24T17:15:00+00:00,2025-11-24 17:15:00+00:00,2025-11-24 17:16:00+00:00,2025-11-25 00:00:00+00:00,2858.24,2858.811648,2938.49,2937.902302,0.08743457296494464,2777.1687908571425,27.214285714285747,6.915257558008198,0.12497948781504481,0.1284371165940489,0.25341660440909375,6.661840953599104,0.004666194918416442,1427.6816699847423,1434.3435109383413,-0.021005438320207685,4.709598236220463,donchian20_exit
P5_MOMENTUM_AND_BREAKOUT_TOP40,fixed_risk_0_5pct,ETHUSDT_2025-11-27T02:15:00+00:00,2025-11-27 02:15:00+00:00,2025-11-27 02:16:00+00:00,2025-11-27 12:15:00+00:00,3046.33,3046.939266,3012.7,3012.09746,0.1615173749106127,3002.537123142857,14.800714285714191,-5.62755704226482,0.2460668158781945,0.2432530373570621,0.4893198532352566,-6.116876895500076,-0.0042645829599761926,1434.3435109383413,1428.2266340428412,-2.1403876453839095,1.5580825056705931,donchian20_exit
P5_MOMENTUM_AND_BREAKOUT_TOP40,fixed_risk_0_5pct,ETHUSDT_2025-12-03T02:00:00+00:00,2025-12-03 02:00:00+00:00,2025-12-03 02:01:00+00:00,2025-12-04 13:00:00+00:00,3013.09,3013.692618,3162.83,3162.197434,0.17965114893620646,2973.942618,13.25,26.679060816959957,0.270706670682132,0.28404620109061196,0.5547528717727439,26.124307945187216,0.018291430311194987,1428.2266340428412,1454.3509419880284,-0.08849947169810508,17.02470807547171,donchian20_exit
P5_MOMENTUM_AND_BREAKOUT_TOP40,fixed_risk_0_5pct,ETHUSDT_2025-12-09T15:30:00+00:00,2025-12-09 15:30:00+00:00,2025-12-09 15:31:00+00:00,2025-12-09 21:45:00+00:00,3151.35,3151.98027,3300.57,3299.9098860000004,0.09998778783421422,3079.2538414285714,24.242142857142817,14.791155059004817,0.15757976724719464,0.16497534477669704,0.32255511202389164,14.468599946980927,0.009948492849465234,1454.3509419880284,1468.8195419350093,-0.32753993930287,10.12780641739592,donchian20_exit
P5_MOMENTUM_AND_BREAKOUT_TOP40,fixed_risk_0_5pct,ETHUSDT_2025-12-10T20:00:00+00:00,2025-12-10 20:00:00+00:00,2025-12-10 20:01:00+00:00,2025-12-11 00:15:00+00:00,3377.73,3378.405546,3309.6,3308.93808,0.0650565782321587,3265.5176888571427,37.62928571428568,-4.5193156364188285,0.10989375235165391,0.1076340945334445,0.2175278468850984,-4.736843483303927,-0.0032249322316774552,1468.8195419350093,1464.0826984517053,-1.637435971223022,1.7995147320665859,donchian20_exit
P5_MOMENTUM_AND_BREAKOUT_TOP40,fixed_risk_0_5pct,ETHUSDT_2025-12-19T14:30:00+00:00,2025-12-19 14:30:00+00:00,2025-12-19 14:31:00+00:00,2025-12-19 17:45:00+00:00,2955.89,2956.481178,2938.23,2937.642354,0.14764426324894134,2906.899749428572,16.527142857142767,-2.7814442899564638,0.2182537426675861,0.21686302052260786,0.435116763190194,-3.2165610531466573,-0.002196980441438336,1464.0826984517053,1460.8661373985585,-0.9070641023424856,3.721685141325981,donchian20_exit
P5_MOMENTUM_AND_BREAKOUT_TOP40,fixed_risk_0_5pct,ETHUSDT_2025-12-29T03:30:00+00:00,2025-12-29 03:30:00+00:00,2025-12-29 03:31:00+00:00,2025-12-29 09:30:00+00:00,3009.5,3010.1019,2969.75,2969.15605,0.1439114942974735,2959.3461857142856,16.918571428571436,-5.892578458780214,0.21659413120833207,0.21364784197894196,0.43024197318727403,-6.322820431967488,-0.004328131284654779,1460.8661373985585,1454.543316966591,-0.5379827746348084,2.712882715528149,donchian20_exit
P5_MOMENTUM_AND_BREAKOUT_TOP40,fixed_risk_0_5pct,ETHUSDT_2026-01-06T14:15:00+00:00,2026-01-06 14:15:00+00:00,2026-01-06 14:16:00+00:00,2026-01-06 16:27:00+00:00,3282.05,3282.7064100000002,3246.3228385714287,3245.6735740037147,0.19989012346165108,3246.3228385714287,12.127857142857172,-7.402498159432582,0.3280902947916267,0.32438904571191046,0.6524793405035372,-8.05497749993612,-0.005537805169484088,1454.543316966591,1446.488339466655,-3.13463537310795,2.0855778314387927,atr_stop
P5_MOMENTUM_AND_BREAKOUT_TOP40,fixed_risk_0_5pct,ETHUSDT_2026-01-13T22:00:00+00:00,2026-01-13 22:00:00+00:00,2026-01-13 22:01:00+00:00,2026-01-14 10:15:00+00:00,3210.08,3210.7220159999997,3314.22,3313.557156,0.1005523285096684,3138.794873142857,23.975714285714275,10.340312779617756,0.16142278745302838,0.16659294384283727,0.32801573129586564,10.01229704832189,0.00692179589364239,1446.488339466655,1456.5006365149768,-0.03386827146516601,7.211796985044421,donchian20_exit
P5_MOMENTUM_AND_BREAKOUT_TOP40,fixed_risk_0_5pct,ETHUSDT_2026-02-07T04:00:00+00:00,2026-02-07 04:00:00+00:00,2026-02-07 04:01:00+00:00,2026-02-07 06:45:00+00:00,2079.73,2080.145946,2046.54,2046.130692,0.16312285135843346,2035.5016602857143,14.881428571428614,-5.548665222161382,0.169659668976603,0.1668853363655223,0.3365450053421253,-5.885210227503508,-0.0040406506389075595,1456.5006365149768,1450.6154262874734,-0.7845984640491687,2.602173159258872,donchian20_exit
P5_MOMENTUM_AND_BREAKOUT_TOP40,fixed_risk_0_5pct,ETHUSDT_2026-02-13T15:15:00+00:00,2026-02-13 15:15:00+00:00,2026-02-13 15:16:00+00:00,2026-02-15 00:30:00+00:00,2026.29,2026.695258,2075.0,2074.585,0.1564777092138186,1980.3431151428572,15.450714285714232,7.493677123000806,0.15856631562317453,0.16231315418467493,0.3208794698078494,7.172797653192957,0.004944658331360871,1450.6154262874734,1457.7882239406663,-0.8773224169016658,5.198772077111579,donchian20_exit
P5_MOMENTUM_AND_BREAKOUT_TOP40,fixed_risk_0_5pct,ETHUSDT_2026-02-25T12:45:00+00:00,2026-02-25 12:45:00+00:00,2026-02-25 12:46:00+00:00,2026-02-25 23:30:00+00:00,1939.19,1939.577838,2041.14,2040.731772,0.26840573312250754,1912.4214094285712,9.052142857142892,27.150295813495784,0.2602969057782791,0.273872053685027,0.5341689594633061,26.61612685403248,0.01825788301546589,1457.7882239406663,1484.4043507946988,-0.16878191430600398,23.240039990530967,donchian20_exit
P5_MOMENTUM_AND_BREAKOUT_TOP40,fixed_risk_0_5pct,ETHUSDT_2026-03-01T02:00:00+00:00,2026-03-01 02:00:00+00:00,2026-03-01 02:01:00+00:00,2026-03-01 08:45:00+00:00,2018.02,2018.4236039999998,1985.24,1984.842952,0.14799223003992035,1968.2721754285712,16.71714285714284,-4.969675575674493,0.14935550516058654,0.1468706673727493,0.29622617253333583,-5.265901748207828,-0.003547484716942958,1484.4043507946988,1479.138449046491,-1.8073425739189826,2.1682171594599304,donchian20_exit
P5_MOMENTUM_AND_BREAKOUT_TOP40,fixed_risk_0_5pct,ETHUSDT_2026-03-04T08:45:00+00:00,2026-03-04 08:45:00+00:00,2026-03-04 08:46:00+00:00,2026-03-04 22:45:00+00:00,2034.09,2034.4968179999998,2130.97,2130.5438059999997,0.16308288275646843,1989.147532285714,15.116428571428562,15.663619683115902,0.16589580301915102,0.17372761286070898,0.33962341587986,15.323996267236042,0.010360082436579534,1479.138449046491,1494.462445313727,-0.07454260738080559,10.913502565798815,donchian20_exit
P5_MOMENTUM_AND_BREAKOUT_TOP40,fixed_risk_0_5pct,ETHUSDT_2026-03-13T00:15:00+00:00,2026-03-13 00:15:00+00:00,2026-03-13 00:16:00+00:00,2026-03-13 06:15:00+00:00,2107.02,2107.441404,2095.27,2094.850946,0.19869396233990774,2069.8342611428575,12.535714285714286,-2.501647987694215,0.20936794147996918,0.20811711748612205,0.4174850589660912,-2.9191330466603063,-0.0019532997003798938,1494.462445313727,1491.5433122670665,-0.5545279544159744,3.2354435555555425,donchian20_exit
P5_MOMENTUM_AND_BREAKOUT_TOP40,fixed_risk_0_5pct,ETHUSDT_2026-03-13T13:15:00+00:00,2026-03-13 13:15:00+00:00,2026-03-13 13:16:00+00:00,2026-03-13 17:30:00+00:00,2149.59,2150.019918,2106.43,2106.008714,0.17193299716545724,2106.644203714286,14.45857142857137,-7.566978212580344,0.18482968423358528,0.18104619512729514,0.3658758793608804,-7.932854091941224,-0.005318554296545173,1491.5433122670665,1483.6104581751254,-2.7333210749925905,4.113136784902689,donchian20_exit
P5_MOMENTUM_AND_BREAKOUT_TOP40,fixed_risk_0_5pct,ETHUSDT_2026-03-15T22:30:00+00:00,2026-03-15 22:30:00+00:00,2026-03-15 22:31:00+00:00,2026-03-17 03:30:00+00:00,2134.73,2135.156946,2315.52,2315.056896,0.1989744646362782,2097.8755174285716,12.427142857142858,35.795496239343215,0.2124208551223904,0.230318603242062,0.4427394583644524,35.352756780978766,0.023828867332509548,1483.6104581751254,1518.9632149561041,-0.03435592596849842,20.167391401310503,donchian20_exit
P5_MOMENTUM_AND_BREAKOUT_TOP40,fixed_risk_0_5pct,ETHUSDT_2026-04-01T06:30:00+00:00,2026-04-01 06:30:00+00:00,2026-04-01 06:31:00+00:00,2026-04-01 13:07:00+00:00,2142.59,2143.0185180000003,2112.915660857143,2112.4930777249715,0.2522955226056532,2112.915660857143,10.034285714285748,-7.701431906956048,0.27033698847620125,0.2664862725227232,0.5368232609989245,-8.238255167954973,-0.005423604131317325,1518.9632149561041,1510.7249597881491,-3.069328388382736,1.4920326594532685,atr_stop
P5_MOMENTUM_AND_BREAKOUT_TOP40,fixed_risk_0_5pct,ETHUSDT_2026-04-07T22:45:00+00:00,2026-04-07 22:45:00+00:00,2026-04-07 22:46:00+00:00,2026-04-08 13:30:00+00:00,2179.15,2179.58583,2234.05,2233.6031900000003,0.14033859806403118,2125.761544285714,17.941428571428624,7.580720573520114,0.1529400098712139,0.15673037015797395,0.30967038002918784,7.271050193490926,0.004812954301430589,1510.7249597881491,1517.99600998164,-0.1435688350983159,5.206618281710325,donchian20_exit
P5_MOMENTUM_AND_BREAKOUT_TOP40,fixed_risk_0_5pct,ETHUSDT_2026-04-13T22:00:00+00:00,2026-04-13 22:00:00+00:00,2026-04-13 22:01:00+00:00,2026-04-14 14:45:00+00:00,2260.82,2261.272164,2352.08,2351.609584,0.18458443326682875,2220.1528782857145,13.706428571428562,16.67488147348745,0.20869782042699772,0.21703526116374144,0.4257330815907392,16.24914839189671,0.01070434196470203,1517.99600998164,1534.245158373537,-0.10229973422273497,11.317888915524524,donchian20_exit
P5_MOMENTUM_AND_BREAKOUT_TOP40,fixed_risk_0_5pct,ETHUSDT_2026-06-07T22:00:00+00:00,2026-06-07 22:00:00+00:00,2026-06-07 22:01:00+00:00,2026-06-08 04:00:00+00:00,1632.89,1633.216578,1668.39,1668.0563220000001,0.1726836799738677,1588.7930065714286,14.807857142857122,6.016255203267496,0.14101492444168368,0.14402305204331742,0.28503797648500107,5.731217226782496,0.0037355289638705434,1534.245158373537,1539.9763756003194,-0.35228446288167925,5.96665818339685,donchian20_exit
P5_MOMENTUM_AND_BREAKOUT_TOP40,fixed_risk_0_5pct,ETHUSDT_2026-06-15T11:15:00+00:00,2026-06-15 11:15:00+00:00,2026-06-15 11:16:00+00:00,2026-06-15 22:00:00+00:00,1741.32,1741.668264,1808.11,1807.748378,0.3109179034121396,1716.903264,8.254999999999963,20.545490502115204,0.27075792254117037,0.281030667792228,0.5517885903333983,19.993701911781805,0.012983122487179574,1539.9763756003194,1559.9700775121012,-0.080952634766808,12.975376862507623,donchian20_exit
