symbol,prototype,gate,leverage_mode,stress_case,trade_id,event_id,entry_time,exit_time,entry_price,exit_price,min_trade_price,liquidation_price,leverage,net_pnl,trade_return,equity_before,equity_after,liquidation,risk_event,reason
BNBUSDT,P6_MOMENTUM_OR_BREAKOUT_TOP20,G0_NO_PATH_GATE,fixed_20x,base,1,BNBUSDT_2024-01-02T00:15:00+00:00,2024-01-02 00:16:00+00:00,2024-01-02 14:15:00+00:00,312.96257999999995,316.45669599999997,312.17,298.87926389999996,20.0,203.18124690817797,0.20318124690817796,1000.0,1203.1812469081779,False,,fixed_20x
BNBUSDT,P6_MOMENTUM_OR_BREAKOUT_TOP20,G0_NO_PATH_GATE,fixed_20x,base,2,BNBUSDT_2024-01-03T06:15:00+00:00,2024-01-03 06:16:00+00:00,2024-01-03 12:00:00+00:00,318.203628,298.270334,315.41,303.88446473999994,20.0,-1143.0221845627689,-0.95,1203.1812469081779,60.1590623454089,True,account_floor_after_costs,fixed_20x
BNBUSDT,P6_MOMENTUM_OR_BREAKOUT_TOP20,G0_NO_PATH_GATE,fixed_20x,base,3,BNBUSDT_2024-01-11T08:45:00+00:00,2024-01-11 08:46:00+00:00,2024-01-11 15:30:00+00:00,312.27244199999996,308.278332,310.43,298.22018210999994,20.0,-16.584735252123124,-0.2756814120024064,60.1590623454089,43.574327093285774,False,,fixed_20x
BNBUSDT,P6_MOMENTUM_OR_BREAKOUT_TOP20,G0_NO_PATH_GATE,fixed_20x,base,4,BNBUSDT_2024-01-15T03:15:00+00:00,2024-01-15 03:16:00+00:00,2024-01-15 21:45:00+00:00,308.381664,314.78703,307.9,294.50448912,20.0,17.22102614913488,0.3952103749592592,43.574327093285774,60.79535324242065,False,,fixed_20x
BNBUSDT,P6_MOMENTUM_OR_BREAKOUT_TOP20,G0_NO_PATH_GATE,fixed_20x,base,5,BNBUSDT_2024-01-21T19:15:00+00:00,2024-01-21 19:16:00+00:00,2024-01-21 23:15:00+00:00,319.103808,318.456296,319.0,304.74413664,20.0,-3.6819408082202436,-0.06056286561143175,60.79535324242065,57.11341243420041,False,,fixed_20x
BNBUSDT,P6_MOMENTUM_OR_BREAKOUT_TOP20,G0_NO_PATH_GATE,fixed_20x,base,6,BNBUSDT_2024-01-27T03:15:00+00:00,2024-01-27 03:16:00+00:00,2024-01-27 07:15:00+00:00,305.07100199999996,303.27933199999995,303.52,291.34280691,20.0,-7.84741051337926,-0.13740048403551713,57.11341243420041,49.266001920821154,False,,fixed_20x
BNBUSDT,P6_MOMENTUM_OR_BREAKOUT_TOP20,G0_NO_PATH_GATE,fixed_20x,base,7,BNBUSDT_2024-01-28T04:45:00+00:00,2024-01-28 04:46:00+00:00,2024-01-28 15:44:00+00:00,307.181424,304.9561348580571,304.73,293.35825991999997,20.0,-8.119624070535874,-0.16481191397640693,49.266001920821154,41.146377850285276,False,,fixed_20x
BNBUSDT,P6_MOMENTUM_OR_BREAKOUT_TOP20,G0_NO_PATH_GATE,fixed_20x,base,8,BNBUSDT_2024-02-08T02:30:00+00:00,2024-02-08 02:31:00+00:00,2024-02-10 07:00:00+00:00,309.51189,323.105366,309.33,295.58385495,20.0,35.30121866851651,0.8579423150432125,41.146377850285276,76.44759651880179,False,,fixed_20x
BNBUSDT,P6_MOMENTUM_OR_BREAKOUT_TOP20,G0_NO_PATH_GATE,fixed_20x,base,9,BNBUSDT_2024-02-14T06:45:00+00:00,2024-02-14 06:46:00+00:00,2024-02-15 20:15:00+00:00,326.57530199999997,351.87961,326.47,311.8794134099999,20.0,116.88087818025534,1.5289019341701509,76.44759651880179,193.32847469905713,False,,fixed_20x
BNBUSDT,P6_MOMENTUM_OR_BREAKOUT_TOP20,G0_NO_PATH_GATE,fixed_20x,base,10,BNBUSDT_2024-02-20T05:30:00+00:00,2024-02-20 05:31:00+00:00,2024-02-20 15:15:00+00:00,355.901166,350.12996,352.0,339.88561353,20.0,-66.53456221010903,-0.34415293615531495,193.32847469905713,126.7939124889481,False,,fixed_20x
BNBUSDT,P6_MOMENTUM_OR_BREAKOUT_TOP20,G0_NO_PATH_GATE,fixed_20x,base,11,BNBUSDT_2024-02-21T07:45:00+00:00,2024-02-21 07:46:00+00:00,2024-02-22 13:30:00+00:00,353.02058999999997,377.314522,352.12,337.13466344999995,20.0,171.88921840967942,1.3556582886001094,126.7939124889481,298.6831308986275,False,,fixed_20x
BNBUSDT,P6_MOMENTUM_OR_BREAKOUT_TOP20,G0_NO_PATH_GATE,fixed_20x,base,12,BNBUSDT_2024-02-26T13:00:00+00:00,2024-02-26 13:01:00+00:00,2024-02-27 02:15:00+00:00,390.138012,398.380308,390.05,372.58180146,20.0,120.16651249963174,0.4023210555550793,298.6831308986275,418.8496433982592,False,,fixed_20x
BNBUSDT,P6_MOMENTUM_OR_BREAKOUT_TOP20,G0_NO_PATH_GATE,fixed_20x,base,13,BNBUSDT_2024-02-28T07:45:00+00:00,2024-02-28 07:46:00+00:00,2024-02-29 12:00:00+00:00,398.82975,409.008182,398.33,380.88241124999996,20.0,205.30320512361635,0.49015967509946223,418.8496433982592,624.1528485218755,False,,fixed_20x
BNBUSDT,P6_MOMENTUM_OR_BREAKOUT_TOP20,G0_NO_PATH_GATE,fixed_20x,base,14,BNBUSDT_2024-03-02T03:45:00+00:00,2024-03-02 03:46:00+00:00,2024-03-02 07:15:00+00:00,410.892162,407.798424,408.31,392.40201470999995,20.0,-106.42497560882289,-0.17051107891417863,624.1528485218755,517.7278729130526,False,,fixed_20x
BNBUSDT,P6_MOMENTUM_OR_BREAKOUT_TOP20,G0_NO_PATH_GATE,fixed_20x,base,15,BNBUSDT_2024-03-04T08:00:00+00:00,2024-03-04 08:01:00+00:00,2024-03-04 14:26:00+00:00,417.353454,414.6326537377714,414.67,398.57254857,20.0,-77.82397944697594,-0.15031831106386218,517.7278729130526,439.9038934660766,False,,fixed_20x
BNBUSDT,P6_MOMENTUM_OR_BREAKOUT_TOP20,G0_NO_PATH_GATE,fixed_20x,base,16,BNBUSDT_2024-03-07T14:00:00+00:00,2024-03-07 14:01:00+00:00,2024-03-08 02:45:00+00:00,445.829148,465.50688,440.83,425.76683633999994,20.0,379.33189545047304,0.8623062925441586,439.9038934660766,819.2357889165496,False,,fixed_20x
BNBUSDT,P6_MOMENTUM_OR_BREAKOUT_TOP20,G0_NO_PATH_GATE,fixed_20x,base,17,BNBUSDT_2024-03-08T12:15:00+00:00,2024-03-08 12:16:00+00:00,2024-03-08 15:32:00+00:00,474.154812,467.9197807518857,462.0,452.81784546,20.0,-231.7323884745862,-0.28286409310932986,819.2357889165496,587.5034004419634,False,,fixed_20x
BNBUSDT,P6_MOMENTUM_OR_BREAKOUT_TOP20,G0_NO_PATH_GATE,fixed_20x,base,18,BNBUSDT_2024-03-09T09:45:00+00:00,2024-03-09 09:46:00+00:00,2024-03-09 14:45:00+00:00,488.61770399999995,482.693442,483.34,466.6299073199999,20.0,-154.14293587242446,-0.26236943608576013,587.5034004419634,433.360464569539,False,,fixed_20x
BNBUSDT,P6_MOMENTUM_OR_BREAKOUT_TOP20,G0_NO_PATH_GATE,fixed_20x,base,19,BNBUSDT_2024-03-10T07:45:00+00:00,2024-03-10 07:46:00+00:00,2024-03-10 22:15:00+00:00,499.159812,523.14535,498.66,476.69762046,20.0,407.5997436533317,0.9405559043282925,433.360464569539,840.9602082228707,False,,fixed_20x
BNBUSDT,P6_MOMENTUM_OR_BREAKOUT_TOP20,G0_NO_PATH_GATE,fixed_20x,base,20,BNBUSDT_2024-03-13T06:45:00+00:00,2024-03-13 06:46:00+00:00,2024-03-14 13:00:00+00:00,546.119202,599.760024,546.0,521.54383791,20.0,1634.3676347098444,1.9434541833597736,840.9602082228707,2475.327842932715,False,,fixed_20x
BNBUSDT,P6_MOMENTUM_OR_BREAKOUT_TOP20,G0_NO_PATH_GATE,fixed_20x,base,21,BNBUSDT_2024-03-15T18:45:00+00:00,2024-03-15 18:46:00+00:00,2024-03-15 20:40:00+00:00,609.2518259999999,584.7512809205142,583.01,581.8354938299999,20.0,-2039.375290106506,-0.8238808834672575,2475.327842932715,435.95255282620906,False,,fixed_20x
BNBUSDT,P6_MOMENTUM_OR_BREAKOUT_TOP20,G0_NO_PATH_GATE,fixed_20x,base,22,BNBUSDT_2024-03-15T23:30:00+00:00,2024-03-15 23:31:00+00:00,2024-03-16 11:15:00+00:00,617.183412,603.799216,606.35,589.4101584599999,20.0,-197.70523775978776,-0.4535017319616483,435.95255282620906,238.2473150664213,False,,fixed_20x
BNBUSDT,P6_MOMENTUM_OR_BREAKOUT_TOP20,G0_NO_PATH_GATE,fixed_20x,base,23,BNBUSDT_2024-03-20T21:30:00+00:00,2024-03-20 21:31:00+00:00,2024-03-21 04:30:00+00:00,552.700518,548.630252,549.01,527.82899469,20.0,-39.838012078085185,-0.16721284798940417,238.2473150664213,198.4093029883361,False,,fixed_20x
BNBUSDT,P6_MOMENTUM_OR_BREAKOUT_TOP20,G0_NO_PATH_GATE,fixed_20x,base,24,BNBUSDT_2024-03-22T06:30:00+00:00,2024-03-22 06:31:00+00:00,2024-03-22 10:45:00+00:00,577.885554,569.556066,570.01,551.88070407,20.0,-61.13596168391873,-0.3081305199056757,198.4093029883361,137.27334130441736,False,,fixed_20x
BNBUSDT,P6_MOMENTUM_OR_BREAKOUT_TOP20,G0_NO_PATH_GATE,fixed_20x,base,25,BNBUSDT_2024-03-25T04:45:00+00:00,2024-03-25 04:46:00+00:00,2024-03-25 13:15:00+00:00,582.2364239999999,576.154746,576.6,556.03578492,20.0,-31.408559661642503,-0.2288030535513147,137.27334130441736,105.86478164277486,False,,fixed_20x
BNBUSDT,P6_MOMENTUM_OR_BREAKOUT_TOP20,G0_NO_PATH_GATE,fixed_20x,base,26,BNBUSDT_2024-03-29T04:15:00+00:00,2024-03-29 04:16:00+00:00,2024-03-29 15:30:00+00:00,587.737524,607.8384080000001,587.0,561.2893354199999,20.0,70.25894786998441,0.6636668661638854,105.86478164277486,176.12372951275927,False,,fixed_20x
BNBUSDT,P6_MOMENTUM_OR_BREAKOUT_TOP20,G0_NO_PATH_GATE,fixed_20x,base,27,BNBUSDT_2024-04-06T23:00:00+00:00,2024-04-06 23:01:00+00:00,2024-04-07 00:27:00+00:00,588.1176,584.1628869085714,584.12,561.6523080000001,20.0,-27.197010411184074,-0.15441990972155623,176.12372951275927,148.9267191015752,False,,fixed_20x
BNBUSDT,P6_MOMENTUM_OR_BREAKOUT_TOP20,G0_NO_PATH_GATE,fixed_20x,base,28,BNBUSDT_2024-04-10T16:30:00+00:00,2024-04-10 16:31:00+00:00,2024-04-11 08:00:00+00:00,599.089794,603.739228,598.76,572.13075327,20.0,20.12580642814326,0.13513899016613998,148.9267191015752,169.05252552971845,False,,fixed_20x
BNBUSDT,P6_MOMENTUM_OR_BREAKOUT_TOP20,G0_NO_PATH_GATE,fixed_20x,base,29,BNBUSDT_2024-04-15T09:30:00+00:00,2024-04-15 09:31:00+00:00,2024-04-15 13:45:00+00:00,580.536084,570.365904,572.6,554.41196022,20.0,-62.582709602806084,-0.3701968332428397,169.05252552971845,106.46981592691236,False,,fixed_20x
BNBUSDT,P6_MOMENTUM_OR_BREAKOUT_TOP20,G0_NO_PATH_GATE,fixed_20x,base,30,BNBUSDT_2024-04-20T15:30:00+00:00,2024-04-20 15:31:00+00:00,2024-04-21 00:30:00+00:00,560.76213,566.966584,560.64,535.52783415,20.0,21.41915471394134,0.20117584056541252,106.46981592691236,127.8889706408537,False,,fixed_20x
BNBUSDT,P6_MOMENTUM_OR_BREAKOUT_TOP20,G0_NO_PATH_GATE,fixed_20x,base,31,BNBUSDT_2024-04-21T06:15:00+00:00,2024-04-21 06:16:00+00:00,2024-04-21 13:45:00+00:00,575.535084,572.8854,574.23,549.63600522,20.0,-14.327554567094042,-0.11203119780617855,127.8889706408537,113.56141607375966,False,,fixed_20x
BNBUSDT,P6_MOMENTUM_OR_BREAKOUT_TOP20,G0_NO_PATH_GATE,fixed_20x,base,32,BNBUSDT_2024-04-22T03:00:00+00:00,2024-04-22 03:01:00+00:00,2024-04-22 11:15:00+00:00,583.4366640000001,599.9699820000001,583.24,557.1820141200001,20.0,62.0582301019859,0.5464728448056534,113.56141607375966,175.61964617574557,False,,fixed_20x
BNBUSDT,P6_MOMENTUM_OR_BREAKOUT_TOP20,G0_NO_PATH_GATE,fixed_20x,base,33,BNBUSDT_2024-05-03T20:15:00+00:00,2024-05-03 20:16:00+00:00,2024-05-04 17:15:00+00:00,582.7165200000001,586.922592,582.0,556.4942766,20.0,21.827528518612272,0.1242886487584031,175.61964617574557,197.44717469435784,False,,fixed_20x
BNBUSDT,P6_MOMENTUM_OR_BREAKOUT_TOP20,G0_NO_PATH_GATE,fixed_20x,base,34,BNBUSDT_2024-05-06T08:15:00+00:00,2024-05-06 08:16:00+00:00,2024-05-06 10:30:00+00:00,597.2894339999999,587.3425080000001,593.51,570.4114094699999,20.0,-69.67957014267611,-0.35290234084401534,197.44717469435784,127.76760455168173,False,,fixed_20x
BNBUSDT,P6_MOMENTUM_OR_BREAKOUT_TOP20,G0_NO_PATH_GATE,fixed_20x,base,35,BNBUSDT_2024-05-09T02:15:00+00:00,2024-05-09 02:16:00+00:00,2024-05-09 10:15:00+00:00,590.5480859999999,591.08176,590.2,563.9734221299999,20.0,-0.24725366237374025,-0.0019351827346322883,127.76760455168173,127.52035088930799,False,,fixed_20x
BNBUSDT,P6_MOMENTUM_OR_BREAKOUT_TOP20,G0_NO_PATH_GATE,fixed_20x,base,36,BNBUSDT_2024-05-12T17:30:00+00:00,2024-05-12 17:31:00+00:00,2024-05-13 01:30:00+00:00,594.678912,590.941788,592.19,567.91836096,20.0,-18.56984454964722,-0.14562259608089126,127.52035088930799,108.95050633966076,False,,fixed_20x
BNBUSDT,P6_MOMENTUM_OR_BREAKOUT_TOP20,G0_NO_PATH_GATE,fixed_20x,base,37,BNBUSDT_2024-05-17T15:15:00+00:00,2024-05-17 15:16:00+00:00,2024-05-18 01:00:00+00:00,581.486274,578.454286,577.04,555.31939167,20.0,-13.535132335169285,-0.12423193604050421,108.95050633966076,95.41537400449148,False,,fixed_20x
BNBUSDT,P6_MOMENTUM_OR_BREAKOUT_TOP20,G0_NO_PATH_GATE,fixed_20x,base,38,BNBUSDT_2024-05-20T21:45:00+00:00,2024-05-20 21:46:00+00:00,2024-05-21 19:15:00+00:00,590.5480859999999,610.997776,589.32,563.9734221299999,20.0,64.14014000285098,0.6722201812029969,95.41537400449148,159.55551400734248,False,,fixed_20x
BNBUSDT,P6_MOMENTUM_OR_BREAKOUT_TOP20,G0_NO_PATH_GATE,fixed_20x,base,39,BNBUSDT_2024-05-27T15:00:00+00:00,2024-05-27 15:01:00+00:00,2024-05-27 19:45:00+00:00,607.1214,602.369502,606.77,579.800937,20.0,-28.15522559996624,-0.1764603735266121,159.55551400734248,131.40028840737625,False,,fixed_20x
BNBUSDT,P6_MOMENTUM_OR_BREAKOUT_TOP20,G0_NO_PATH_GATE,fixed_20x,base,40,BNBUSDT_2024-06-01T20:15:00+00:00,2024-06-01 20:16:00+00:00,2024-06-02 07:15:00+00:00,599.2898339999999,601.0697620000001,599.14,572.3217914699999,20.0,5.1734317919667525,0.03937154061586016,131.40028840737625,136.573720199343,False,,fixed_20x
BNBUSDT,P6_MOMENTUM_OR_BREAKOUT_TOP20,G0_NO_PATH_GATE,fixed_20x,base,41,BNBUSDT_2024-06-03T00:45:00+00:00,2024-06-03 00:46:00+00:00,2024-06-04 08:45:00+00:00,602.000376,628.0743600000001,601.81,574.9103590799999,20.0,115.51564392673369,0.8458116521840883,136.573720199343,252.0893641260767,False,,fixed_20x
BNBUSDT,P6_MOMENTUM_OR_BREAKOUT_TOP20,G0_NO_PATH_GATE,fixed_20x,base,42,BNBUSDT_2024-06-04T10:00:00+00:00,2024-06-04 10:01:00+00:00,2024-06-05 18:30:00+00:00,626.355246,693.9011919999999,626.22,598.16925993,20.0,538.3910610198647,2.1357150980419815,252.0893641260767,790.4804251459414,False,,fixed_20x
BNBUSDT,P6_MOMENTUM_OR_BREAKOUT_TOP20,G0_NO_PATH_GATE,fixed_20x,base,43,BNBUSDT_2024-06-26T01:30:00+00:00,2024-06-26 01:31:00+00:00,2024-06-26 06:30:00+00:00,578.305638,575.554866,575.75,552.28188429,20.0,-90.97208528062605,-0.11508455160522217,790.4804251459414,699.5083398653153,False,,fixed_20x
BNBUSDT,P6_MOMENTUM_OR_BREAKOUT_TOP20,G0_NO_PATH_GATE,fixed_20x,base,44,BNBUSDT_2024-06-30T22:15:00+00:00,2024-06-30 22:16:00+00:00,2024-07-01 06:30:00+00:00,579.055788,584.33311,578.81,552.99827754,20.0,113.44781283235751,0.16218221623233395,699.5083398653153,812.9561526976728,False,,fixed_20x
BNBUSDT,P6_MOMENTUM_OR_BREAKOUT_TOP20,G0_NO_PATH_GATE,fixed_20x,base,45,BNBUSDT_2024-07-06T16:15:00+00:00,2024-07-06 16:16:00+00:00,2024-07-07 00:30:00+00:00,519.6839160000001,522.875404,519.54,496.29813978000004,20.0,83.54163875980286,0.10276278552365031,812.9561526976728,896.4977914574756,False,,fixed_20x
BNBUSDT,P6_MOMENTUM_OR_BREAKOUT_TOP20,G0_NO_PATH_GATE,fixed_20x,base,46,BNBUSDT_2024-07-10T04:15:00+00:00,2024-07-10 04:16:00+00:00,2024-07-10 21:00:00+00:00,520.114002,521.465686,519.13,496.70887191,20.0,28.643519417841127,0.0319504628910174,896.4977914574756,925.1413108753168,False,,fixed_20x
BNBUSDT,P6_MOMENTUM_OR_BREAKOUT_TOP20,G0_NO_PATH_GATE,fixed_20x,base,47,BNBUSDT_2024-07-14T21:45:00+00:00,2024-07-14 21:46:00+00:00,2024-07-16 04:30:00+00:00,541.20822,577.114554,541.09,516.8538500999999,20.0,1208.449110655671,1.306231919869954,925.1413108753168,2133.5904215309874,False,,fixed_20x
BNBUSDT,P6_MOMENTUM_OR_BREAKOUT_TOP20,G0_NO_PATH_GATE,fixed_20x,base,48,BNBUSDT_2024-07-17T01:00:00+00:00,2024-07-17 01:01:00+00:00,2024-07-17 13:15:00+00:00,578.845746,573.725232,574.03,552.79768743,20.0,-419.96116952072873,-0.1968330778403944,2133.5904215309874,1713.6292520102588,False,,fixed_20x
BNBUSDT,P6_MOMENTUM_OR_BREAKOUT_TOP20,G0_NO_PATH_GATE,fixed_20x,base,49,BNBUSDT_2024-07-19T15:30:00+00:00,2024-07-19 15:31:00+00:00,2024-07-20 00:30:00+00:00,579.105798,590.271922,578.25,553.04603709,20.0,626.2295023388182,0.365440483467581,1713.6292520102588,2339.858754349077,False,,fixed_20x
BNBUSDT,P6_MOMENTUM_OR_BREAKOUT_TOP20,G0_NO_PATH_GATE,fixed_20x,base,50,BNBUSDT_2024-07-21T14:30:00+00:00,2024-07-21 14:31:00+00:00,2024-07-21 17:52:00+00:00,596.579292,591.9780155701715,590.6,569.73322386,20.0,-407.5523642579335,-0.17417819067087667,2339.858754349077,1932.3063900911436,False,,fixed_20x
BNBUSDT,P6_MOMENTUM_OR_BREAKOUT_TOP20,G0_NO_PATH_GATE,fixed_20x,base,51,BNBUSDT_2024-07-27T13:00:00+00:00,2024-07-27 13:01:00+00:00,2024-07-27 15:15:00+00:00,587.71752,585.212934,585.6,561.2702316,20.0,-203.25608254901786,-0.10518833016922881,1932.3063900911436,1729.0503075421257,False,,fixed_20x
BNBUSDT,P6_MOMENTUM_OR_BREAKOUT_TOP20,G0_NO_PATH_GATE,fixed_20x,base,52,BNBUSDT_2024-07-29T02:45:00+00:00,2024-07-29 02:46:00+00:00,2024-07-29 12:30:00+00:00,591.328242,592.021572,590.86,564.71847111,20.0,5.944812282947936,0.003438195093003735,1729.0503075421257,1734.9951198250735,False,,fixed_20x
BNBUSDT,P6_MOMENTUM_OR_BREAKOUT_TOP20,G0_NO_PATH_GATE,fixed_20x,base,53,BNBUSDT_2024-07-31T17:30:00+00:00,2024-07-31 17:31:00+00:00,2024-07-31 19:45:00+00:00,589.6479059999999,582.253526,584.9,563.1137502299999,20.0,-469.6305950029121,-0.2706812195819095,1734.9951198250735,1265.3645248221615,False,,fixed_20x
BNBUSDT,P6_MOMENTUM_OR_BREAKOUT_TOP20,G0_NO_PATH_GATE,fixed_20x,base,54,BNBUSDT_2024-08-08T16:00:00+00:00,2024-08-08 16:01:00+00:00,2024-08-09 04:45:00+00:00,498.909762,509.49808,498.72,476.45882271,20.0,511.5185627426677,0.4042460118870159,1265.3645248221615,1776.883087564829,False,,fixed_20x
BNBUSDT,P6_MOMENTUM_OR_BREAKOUT_TOP20,G0_NO_PATH_GATE,fixed_20x,base,55,BNBUSDT_2024-08-10T18:30:00+00:00,2024-08-10 18:31:00+00:00,2024-08-11 11:00:00+00:00,519.893958,526.724634,519.3,496.49872989,20.0,431.1438150395735,0.24264050800913672,1776.883087564829,2208.0269026044025,False,,fixed_20x
BNBUSDT,P6_MOMENTUM_OR_BREAKOUT_TOP20,G0_NO_PATH_GATE,fixed_20x,base,56,BNBUSDT_2024-08-17T09:45:00+00:00,2024-08-17 09:46:00+00:00,2024-08-18 00:45:00+00:00,525.2450279999999,538.7522280000001,524.94,501.60900173999994,20.0,1090.9039464943141,0.49406279661157015,2208.0269026044025,3298.930849098717,False,,fixed_20x
BNBUSDT,P6_MOMENTUM_OR_BREAKOUT_TOP20,G0_NO_PATH_GATE,fixed_20x,base,57,BNBUSDT_2024-08-20T00:15:00+00:00,2024-08-20 00:16:00+00:00,2024-08-20 15:00:00+00:00,560.1520079999999,562.097558,559.71,534.9451676399999,20.0,163.0672742900154,0.04943034023722144,3298.930849098717,3461.9981233887324,False,,fixed_20x
BNBUSDT,P6_MOMENTUM_OR_BREAKOUT_TOP20,G0_NO_PATH_GATE,fixed_20x,base,58,BNBUSDT_2024-08-23T21:45:00+00:00,2024-08-23 21:46:00+00:00,2024-08-24 02:45:00+00:00,588.327642,584.3131139999999,584.65,561.85289811,20.0,-541.4713609744767,-0.15640429072343473,3461.9981233887324,2920.5267624142557,False,,fixed_20x
BNBUSDT,P6_MOMENTUM_OR_BREAKOUT_TOP20,G0_NO_PATH_GATE,fixed_20x,base,59,BNBUSDT_2024-09-03T02:00:00+00:00,2024-09-03 02:01:00+00:00,2024-09-03 13:30:00+00:00,533.6066999999999,529.59406,531.59,509.5943984999999,20.0,-497.42912315880943,-0.170321713726605,2920.5267624142557,2423.097639255446,False,,fixed_20x
BNBUSDT,P6_MOMENTUM_OR_BREAKOUT_TOP20,G0_NO_PATH_GATE,fixed_20x,base,60,BNBUSDT_2024-09-08T07:30:00+00:00,2024-09-08 07:31:00+00:00,2024-09-08 12:45:00+00:00,500.970174,497.890402,498.85,478.42651616999996,20.0,-346.23844151130925,-0.14289083357685048,2423.097639255446,2076.859197744137,False,,fixed_20x
BNBUSDT,P6_MOMENTUM_OR_BREAKOUT_TOP20,G0_NO_PATH_GATE,fixed_20x,base,61,BNBUSDT_2024-09-11T17:45:00+00:00,2024-09-11 17:46:00+00:00,2024-09-12 15:15:00+00:00,533.05659,538.9821820000001,528.06,509.06904345,20.0,419.96979927763084,0.2022139005541626,2076.859197744137,2496.828997021768,False,,fixed_20x
BNBUSDT,P6_MOMENTUM_OR_BREAKOUT_TOP20,G0_NO_PATH_GATE,fixed_20x,base,62,BNBUSDT_2024-09-15T13:00:00+00:00,2024-09-15 13:01:00+00:00,2024-09-15 23:30:00+00:00,557.46147,552.419494,553.66,532.3757038499999,20.0,-501.36356028934534,-0.20080011922617635,2496.828997021768,1995.4654367324226,False,,fixed_20x
BNBUSDT,P6_MOMENTUM_OR_BREAKOUT_TOP20,G0_NO_PATH_GATE,fixed_20x,base,63,BNBUSDT_2024-09-18T23:00:00+00:00,2024-09-18 23:01:00+00:00,2024-09-19 08:15:00+00:00,552.5504880000001,554.9789820000001,552.44,527.6857160400001,20.0,135.40690064645383,0.06785730193762855,1995.4654367324226,2130.8723373788766,False,,fixed_20x
BNBUSDT,P6_MOMENTUM_OR_BREAKOUT_TOP20,G0_NO_PATH_GATE,fixed_20x,base,64,BNBUSDT_2024-09-19T12:00:00+00:00,2024-09-19 12:01:00+00:00,2024-09-19 21:30:00+00:00,558.751728,564.5970580000001,558.04,533.6079002399999,20.0,402.9981477996724,0.18912355317136856,2130.8723373788766,2533.870485178549,False,,fixed_20x
BNBUSDT,P6_MOMENTUM_OR_BREAKOUT_TOP20,G0_NO_PATH_GATE,fixed_20x,base,65,BNBUSDT_2024-09-21T06:30:00+00:00,2024-09-21 06:31:00+00:00,2024-09-22 02:00:00+00:00,576.735324,582.913394,576.4,550.78223442,20.0,491.91470708353876,0.19413569476455542,2533.870485178549,3025.785192262088,False,,fixed_20x
BNBUSDT,P6_MOMENTUM_OR_BREAKOUT_TOP20,G0_NO_PATH_GATE,fixed_20x,base,66,BNBUSDT_2024-09-22T20:00:00+00:00,2024-09-22 20:01:00+00:00,2024-09-22 21:59:00+00:00,586.777332,580.4940671050286,580.2,560.37235206,20.0,-708.1993459026821,-0.23405473320240217,3025.785192262088,2317.585846359406,False,,fixed_20x
BNBUSDT,P6_MOMENTUM_OR_BREAKOUT_TOP20,G0_NO_PATH_GATE,fixed_20x,base,67,BNBUSDT_2024-09-28T02:45:00+00:00,2024-09-28 02:46:00+00:00,2024-09-28 06:00:00+00:00,609.091794,602.119552,605.0,581.68266327,20.0,-576.6721103720033,-0.24882448746305225,2317.585846359406,1740.9137359874026,False,,fixed_20x
BNBUSDT,P6_MOMENTUM_OR_BREAKOUT_TOP20,G0_NO_PATH_GATE,fixed_20x,base,68,BNBUSDT_2024-10-04T12:45:00+00:00,2024-10-04 12:46:00+00:00,2024-10-04 14:00:00+00:00,552.100398,549.29012,550.58,527.25588009,20.0,-211.9601628281932,-0.12175224909003014,1740.9137359874026,1528.9535731592093,False,,fixed_20x
BNBUSDT,P6_MOMENTUM_OR_BREAKOUT_TOP20,G0_NO_PATH_GATE,fixed_20x,base,69,BNBUSDT_2024-10-05T06:45:00+00:00,2024-10-05 06:46:00+00:00,2024-10-05 19:30:00+00:00,559.4118599999999,560.547868,559.18,534.2383262999999,20.0,31.487365204503597,0.02059406234254886,1528.9535731592093,1560.440938363713,False,,fixed_20x
BNBUSDT,P6_MOMENTUM_OR_BREAKOUT_TOP20,G0_NO_PATH_GATE,fixed_20x,base,70,BNBUSDT_2024-10-06T14:45:00+00:00,2024-10-06 14:46:00+00:00,2024-10-06 21:30:00+00:00,566.6633099999999,565.0769620000001,564.8,541.1634610499999,20.0,-118.53279463965843,-0.07596109005186225,1560.440938363713,1441.9081437240545,False,,fixed_20x
BNBUSDT,P6_MOMENTUM_OR_BREAKOUT_TOP20,G0_NO_PATH_GATE,fixed_20x,base,71,BNBUSDT_2024-10-07T00:30:00+00:00,2024-10-07 00:31:00+00:00,2024-10-07 09:15:00+00:00,569.36385,570.9757820000001,568.57,543.7424767499999,20.0,52.765042140752556,0.036593899805902254,1441.9081437240545,1494.673185864807,False,,fixed_20x
BNBUSDT,P6_MOMENTUM_OR_BREAKOUT_TOP20,G0_NO_PATH_GATE,fixed_20x,base,72,BNBUSDT_2024-10-14T14:15:00+00:00,2024-10-14 14:16:00+00:00,2024-10-15 03:15:00+00:00,584.9669700000001,587.772422,583.66,558.6434563500001,20.0,113.40137091897051,0.0758703454316385,1494.673185864807,1608.0745567837776,False,,fixed_20x
BNBUSDT,P6_MOMENTUM_OR_BREAKOUT_TOP20,G0_NO_PATH_GATE,fixed_20x,base,73,BNBUSDT_2024-10-20T22:15:00+00:00,2024-10-20 22:16:00+00:00,2024-10-21 12:30:00+00:00,601.27023,604.1991360000001,601.15,574.21306965,20.0,124.42514939041861,0.07737523665524226,1608.0745567837776,1732.4997061741963,False,,fixed_20x
BNBUSDT,P6_MOMENTUM_OR_BREAKOUT_TOP20,G0_NO_PATH_GATE,fixed_20x,base,74,BNBUSDT_2024-10-24T21:00:00+00:00,2024-10-24 21:01:00+00:00,2024-10-25 04:15:00+00:00,595.0189799999999,591.58166,592.48,568.2431258999999,20.0,-234.716832733623,-0.13547871430924394,1732.4997061741963,1497.7828734405732,False,,fixed_20x
BNBUSDT,P6_MOMENTUM_OR_BREAKOUT_TOP20,G0_NO_PATH_GATE,fixed_20x,base,75,BNBUSDT_2024-10-28T07:00:00+00:00,2024-10-28 07:01:00+00:00,2024-10-28 15:15:00+00:00,588.607698,591.391698,588.49,562.12035159,20.0,111.65793746241603,0.07454881441254925,1497.7828734405732,1609.4408109029891,False,,fixed_20x
BNBUSDT,P6_MOMENTUM_OR_BREAKOUT_TOP20,G0_NO_PATH_GATE,fixed_20x,base,76,BNBUSDT_2024-10-28T21:00:00+00:00,2024-10-28 21:01:00+00:00,2024-10-29 20:15:00+00:00,596.1592079999999,601.989578,596.04,569.3320436399999,20.0,282.45678438983487,0.17549995158340762,1609.4408109029891,1891.897595292824,False,,fixed_20x
BNBUSDT,P6_MOMENTUM_OR_BREAKOUT_TOP20,G0_NO_PATH_GATE,fixed_20x,base,77,BNBUSDT_2024-11-05T14:30:00+00:00,2024-11-05 14:31:00+00:00,2024-11-05 19:45:00+00:00,566.0631900000001,560.13795,562.06,540.5903464500001,20.0,-433.70691253829546,-0.22924439124897095,1891.897595292824,1458.1906827545286,False,,fixed_20x
BNBUSDT,P6_MOMENTUM_OR_BREAKOUT_TOP20,G0_NO_PATH_GATE,fixed_20x,base,78,BNBUSDT_2024-11-06T02:15:00+00:00,2024-11-06 02:16:00+00:00,2024-11-07 06:30:00+00:00,575.6551079999999,592.5914580000001,575.5,549.7506281399999,20.0,828.4357876667823,0.5681258270707529,1458.1906827545286,2286.626470421311,False,,fixed_20x
BNBUSDT,P6_MOMENTUM_OR_BREAKOUT_TOP20,G0_NO_PATH_GATE,fixed_20x,base,79,BNBUSDT_2024-11-09T00:30:00+00:00,2024-11-09 00:31:00+00:00,2024-11-09 10:15:00+00:00,602.110398,625.9247899999999,601.04,575.01543009,20.0,1762.1549276232372,0.7706352351018486,2286.626470421311,4048.781398044548,False,,fixed_20x
BNBUSDT,P6_MOMENTUM_OR_BREAKOUT_TOP20,G0_NO_PATH_GATE,fixed_20x,base,80,BNBUSDT_2024-11-11T23:30:00+00:00,2024-11-11 23:31:00+00:00,2024-11-12 09:45:00+00:00,644.748924,636.612652,633.51,615.73522242,20.0,-1102.3194256488432,-0.2722595559694168,4048.781398044548,2946.461972395705,False,,fixed_20x
BNBUSDT,P6_MOMENTUM_OR_BREAKOUT_TOP20,G0_NO_PATH_GATE,fixed_20x,base,81,BNBUSDT_2024-11-14T07:30:00+00:00,2024-11-14 07:31:00+00:00,2024-11-14 22:30:00+00:00,624.7849319999999,631.32371,618.8,596.6696100599999,20.0,557.4949605062694,0.18920826595735166,2946.461972395705,3503.956932901974,False,,fixed_20x
BNBUSDT,P6_MOMENTUM_OR_BREAKOUT_TOP20,G0_NO_PATH_GATE,fixed_20x,base,82,BNBUSDT_2024-11-16T11:45:00+00:00,2024-11-16 11:46:00+00:00,2024-11-16 15:30:00+00:00,625.855146,622.565462,623.22,597.69166443,20.0,-438.25211532721744,-0.12507348797927645,3503.956932901974,3065.704817574757,False,,fixed_20x
BNBUSDT,P6_MOMENTUM_OR_BREAKOUT_TOP20,G0_NO_PATH_GATE,fixed_20x,base,83,BNBUSDT_2024-11-17T07:15:00+00:00,2024-11-17 07:16:00+00:00,2024-11-17 16:07:00+00:00,638.007576,621.9617301990857,621.18,609.29723508,20.0,-1602.5882977894341,-0.522747098351505,3065.704817574757,1463.1165197853227,False,,fixed_20x
BNBUSDT,P6_MOMENTUM_OR_BREAKOUT_TOP20,G0_NO_PATH_GATE,fixed_20x,base,84,BNBUSDT_2024-11-22T00:15:00+00:00,2024-11-22 00:16:00+00:00,2024-11-22 07:45:00+00:00,623.57469,627.52447,623.11,595.5138289500001,20.0,155.99531286540133,0.10661851654049392,1463.1165197853227,1619.111832650724,False,,fixed_20x
BNBUSDT,P6_MOMENTUM_OR_BREAKOUT_TOP20,G0_NO_PATH_GATE,fixed_20x,base,85,BNBUSDT_2024-11-23T07:15:00+00:00,2024-11-23 07:16:00+00:00,2024-11-23 16:15:00+00:00,653.710716,657.128548,653.51,624.29373378,20.0,136.83895466965134,0.08451482591268934,1619.111832650724,1755.9507873203752,False,,fixed_20x
BNBUSDT,P6_MOMENTUM_OR_BREAKOUT_TOP20,G0_NO_PATH_GATE,fixed_20x,base,86,BNBUSDT_2024-11-25T08:45:00+00:00,2024-11-25 08:46:00+00:00,2024-11-25 13:15:00+00:00,666.98337,657.008572,657.69,636.96911835,20.0,-560.0645409777519,-0.3189522992454842,1755.9507873203752,1195.8862463426233,False,,fixed_20x
BNBUSDT,P6_MOMENTUM_OR_BREAKOUT_TOP20,G0_NO_PATH_GATE,fixed_20x,base,87,BNBUSDT_2024-11-28T00:45:00+00:00,2024-11-28 00:46:00+00:00,2024-11-28 14:15:00+00:00,647.4394619999999,651.459682,643.62,618.3046862099999,20.0,124.52308612673866,0.1041261963732482,1195.8862463426233,1320.409332469362,False,,fixed_20x
BNBUSDT,P6_MOMENTUM_OR_BREAKOUT_TOP20,G0_NO_PATH_GATE,fixed_20x,base,88,BNBUSDT_2024-11-30T07:00:00+00:00,2024-11-30 07:01:00+00:00,2024-11-30 14:45:00+00:00,660.1420019999999,654.869,657.47,630.4356119099999,20.0,-237.2428182686619,-0.17967369090385216,1320.409332469362,1083.1665142007,False,,fixed_20x
BNBUSDT,P6_MOMENTUM_OR_BREAKOUT_TOP20,G0_NO_PATH_GATE,fixed_20x,base,89,BNBUSDT_2024-12-03T18:15:00+00:00,2024-12-03 18:16:00+00:00,2024-12-04 14:00:00+00:00,668.543682,767.636442,667.2,638.45921631,20.0,3187.7093805932595,2.9429541430622628,1083.1665142007,4270.87589479396,False,,fixed_20x
BNBUSDT,P6_MOMENTUM_OR_BREAKOUT_TOP20,G0_NO_PATH_GATE,fixed_20x,base,90,BNBUSDT_2024-12-07T15:45:00+00:00,2024-12-07 15:46:00+00:00,2024-12-07 22:30:00+00:00,747.989568,750.99977,747.04,714.33003744,20.0,258.1640402009484,0.06044756311360882,4270.87589479396,4529.0399349949075,False,,fixed_20x
BNBUSDT,P6_MOMENTUM_OR_BREAKOUT_TOP20,G0_NO_PATH_GATE,fixed_20x,base,91,BNBUSDT_2024-12-13T19:45:00+00:00,2024-12-13 19:46:00+00:00,2024-12-14 08:45:00+00:00,725.114994,725.00497,723.29,692.48481927,20.0,-104.31803878966184,-0.023033146160540342,4529.0399349949075,4424.721896205246,False,,fixed_20x
BNBUSDT,P6_MOMENTUM_OR_BREAKOUT_TOP20,G0_NO_PATH_GATE,fixed_20x,base,92,BNBUSDT_2024-12-17T14:00:00+00:00,2024-12-17 14:01:00+00:00,2024-12-17 23:00:00+00:00,724.874946,716.5766560000001,719.24,692.25557343,20.0,-1101.0626568656598,-0.2488433584515129,4424.721896205246,3323.659239339586,False,,fixed_20x
BNBUSDT,P6_MOMENTUM_OR_BREAKOUT_TOP20,G0_NO_PATH_GATE,fixed_20x,base,93,BNBUSDT_2024-12-21T05:45:00+00:00,2024-12-21 05:46:00+00:00,2024-12-21 09:00:00+00:00,688.267626,679.784016,682.59,657.29558283,20.0,-885.4142298236528,-0.26639741503692344,3323.659239339586,2438.245009515933,False,,fixed_20x
BNBUSDT,P6_MOMENTUM_OR_BREAKOUT_TOP20,G0_NO_PATH_GATE,fixed_20x,base,94,BNBUSDT_2024-12-23T22:15:00+00:00,2024-12-23 22:16:00+00:00,2024-12-24 02:00:00+00:00,693.848742,686.16274,686.53,662.62554861,20.0,-588.6804381972966,-0.24143612963414526,2438.245009515933,1849.5645713186364,False,,fixed_20x
BNBUSDT,P6_MOMENTUM_OR_BREAKOUT_TOP20,G0_NO_PATH_GATE,fixed_20x,base,95,BNBUSDT_2024-12-28T14:00:00+00:00,2024-12-28 14:01:00+00:00,2024-12-28 22:00:00+00:00,710.662104,723.025366,709.44,678.68230932,20.0,606.2178490863273,0.3277624682517182,1849.5645713186364,2455.782420404964,False,,fixed_20x
BNBUSDT,P6_MOMENTUM_OR_BREAKOUT_TOP20,G0_NO_PATH_GATE,fixed_20x,base,96,BNBUSDT_2025-01-04T00:15:00+00:00,2025-01-04 00:16:00+00:00,2025-01-04 08:15:00+00:00,716.053182,715.75682,714.21,683.83078881,20.0,-69.43359985828438,-0.028273514494347847,2455.782420404964,2386.3488205466797,False,,fixed_20x
BNBUSDT,P6_MOMENTUM_OR_BREAKOUT_TOP20,G0_NO_PATH_GATE,fixed_20x,base,97,BNBUSDT_2025-01-06T15:45:00+00:00,2025-01-06 15:46:00+00:00,2025-01-07 00:45:00+00:00,722.6445,726.634644,721.79,690.1254974999999,20.0,215.66988028685552,0.09037651094002616,2386.3488205466797,2602.018700833535,False,,fixed_20x
BNBUSDT,P6_MOMENTUM_OR_BREAKOUT_TOP20,G0_NO_PATH_GATE,fixed_20x,base,98,BNBUSDT_2025-01-16T12:30:00+00:00,2025-01-16 12:31:00+00:00,2025-01-16 13:37:00+00:00,714.782928,707.6620815572572,707.74,682.61769624,20.0,-570.2203863399548,-0.21914538360438737,2602.018700833535,2031.7983144935804,False,,fixed_20x
BNBUSDT,P6_MOMENTUM_OR_BREAKOUT_TOP20,G0_NO_PATH_GATE,fixed_20x,base,99,BNBUSDT_2025-01-17T10:00:00+00:00,2025-01-17 10:01:00+00:00,2025-01-17 22:45:00+00:00,719.6238960000001,720.725826,718.8,687.2408206800001,20.0,21.55707869849029,0.010609851649504556,2031.7983144935804,2053.3553931920706,False,,fixed_20x
BNBUSDT,P6_MOMENTUM_OR_BREAKOUT_TOP20,G0_NO_PATH_GATE,fixed_20x,base,100,BNBUSDT_2025-01-22T04:45:00+00:00,2025-01-22 04:46:00+00:00,2025-01-22 08:37:00+00:00,700.870146,694.8747146850858,694.73,669.3309894299999,20.0,-392.19051979981435,-0.19099982453116868,2053.3553931920706,1661.1648733922561,False,,fixed_20x
BNBUSDT,P6_MOMENTUM_OR_BREAKOUT_TOP20,G0_NO_PATH_GATE,fixed_20x,base,101,BNBUSDT_2025-01-30T14:45:00+00:00,2025-01-30 14:46:00+00:00,2025-01-30 20:30:00+00:00,680.606094,678.454282,678.81,649.97881977,20.0,-138.20993460746445,-0.08320061230600588,1661.1648733922561,1522.9549387847917,False,,fixed_20x
BNBUSDT,P6_MOMENTUM_OR_BREAKOUT_TOP20,G0_NO_PATH_GATE,fixed_20x,base,102,BNBUSDT_2025-01-31T11:15:00+00:00,2025-01-31 11:16:00+00:00,2025-01-31 18:15:00+00:00,680.68611,681.303712,680.51,650.05523505,20.0,-2.836683325045186,-0.0018626180281529898,1522.9549387847917,1520.1182554597465,False,,fixed_20x
BNBUSDT,P6_MOMENTUM_OR_BREAKOUT_TOP20,G0_NO_PATH_GATE,fixed_20x,base,103,BNBUSDT_2025-02-08T13:15:00+00:00,2025-02-08 13:16:00+00:00,2025-02-08 23:30:00+00:00,587.197416,613.3773,586.87,560.7735322799999,20.0,1324.3931517164938,0.8712435015892515,1520.1182554597465,2844.51140717624,False,,fixed_20x
BNBUSDT,P6_MOMENTUM_OR_BREAKOUT_TOP20,G0_NO_PATH_GATE,fixed_20x,base,104,BNBUSDT_2025-02-09T08:15:00+00:00,2025-02-09 08:16:00+00:00,2025-02-09 12:08:00+00:00,638.1276,625.0704180514286,617.91,609.411858,20.0,-1220.379547420354,-0.42902958460336443,2844.51140717624,1624.1318597558861,False,,fixed_20x
BNBUSDT,P6_MOMENTUM_OR_BREAKOUT_TOP20,G0_NO_PATH_GATE,fixed_20x,base,105,BNBUSDT_2025-02-11T04:30:00+00:00,2025-02-11 04:31:00+00:00,2025-02-11 13:15:00+00:00,624.7749299999999,636.642646,624.34,596.6600581499999,20.0,584.2225910478196,0.359713768028435,1624.1318597558861,2208.3544508037057,False,,fixed_20x
BNBUSDT,P6_MOMENTUM_OR_BREAKOUT_TOP20,G0_NO_PATH_GATE,fixed_20x,base,106,BNBUSDT_2025-02-12T16:30:00+00:00,2025-02-12 16:31:00+00:00,2025-02-13 14:30:00+00:00,658.88175,694.9509820000001,655.8,629.23207125,20.0,2372.4675256096743,1.0743146439858156,2208.3544508037057,4580.82197641338,False,,fixed_20x
BNBUSDT,P6_MOMENTUM_OR_BREAKOUT_TOP20,G0_NO_PATH_GATE,fixed_20x,base,107,BNBUSDT_2025-02-17T14:00:00+00:00,2025-02-17 14:01:00+00:00,2025-02-17 16:11:00+00:00,675.595092,667.3615929816,667.0,645.19331286,20.0,-1207.5906553279808,-0.26361877006918333,4580.82197641338,3373.231321085399,False,,fixed_20x
BNBUSDT,P6_MOMENTUM_OR_BREAKOUT_TOP20,G0_NO_PATH_GATE,fixed_20x,base,108,BNBUSDT_2025-02-21T10:00:00+00:00,2025-02-21 10:01:00+00:00,2025-02-21 15:15:00+00:00,659.861946,658.838206,659.41,630.16815843,20.0,-172.079999308556,-0.051013400187801566,3373.231321085399,3201.151321776843,False,,fixed_20x
BNBUSDT,P6_MOMENTUM_OR_BREAKOUT_TOP20,G0_NO_PATH_GATE,fixed_20x,base,109,BNBUSDT_2025-02-22T17:15:00+00:00,2025-02-22 17:16:00+00:00,2025-02-23 01:30:00+00:00,660.902154,665.506872,659.06,631.16155707,20.0,381.8229682668414,0.11927676322870776,3201.151321776843,3582.974290043684,False,,fixed_20x
BNBUSDT,P6_MOMENTUM_OR_BREAKOUT_TOP20,G0_NO_PATH_GATE,fixed_20x,base,110,BNBUSDT_2025-03-02T16:30:00+00:00,2025-03-02 16:31:00+00:00,2025-03-03 01:45:00+00:00,618.403656,614.886998,615.26,590.57549148,20.0,-478.9596377675052,-0.13367654886568156,3582.974290043684,3104.014652276179,False,,fixed_20x
BNBUSDT,P6_MOMENTUM_OR_BREAKOUT_TOP20,G0_NO_PATH_GATE,fixed_20x,base,111,BNBUSDT_2025-03-05T08:00:00+00:00,2025-03-05 08:01:00+00:00,2025-03-05 13:30:00+00:00,593.608698,594.001176,592.64,566.89630659,20.0,-21.055006924643703,-0.006783153201034032,3104.014652276179,3082.959645351535,False,,fixed_20x
BNBUSDT,P6_MOMENTUM_OR_BREAKOUT_TOP20,G0_NO_PATH_GATE,fixed_20x,base,112,BNBUSDT_2025-03-13T04:00:00+00:00,2025-03-13 04:01:00+00:00,2025-03-13 17:45:00+00:00,577.455468,571.995578,572.85,551.4699719399999,20.0,-644.3605494656383,-0.2090071306762645,3082.959645351535,2438.5990958858965,False,,fixed_20x
BNBUSDT,P6_MOMENTUM_OR_BREAKOUT_TOP20,G0_NO_PATH_GATE,fixed_20x,base,113,BNBUSDT_2025-03-15T01:00:00+00:00,2025-03-15 01:01:00+00:00,2025-03-15 07:15:00+00:00,591.1782119999999,590.171942,590.09,564.5751924599999,20.0,-131.74737302231856,-0.05402584346257918,2438.5990958858965,2306.851722863578,False,,fixed_20x
BNBUSDT,P6_MOMENTUM_OR_BREAKOUT_TOP20,G0_NO_PATH_GATE,fixed_20x,base,114,BNBUSDT_2025-03-15T17:00:00+00:00,2025-03-15 17:01:00+00:00,2025-03-16 03:00:00+00:00,608.981772,609.957984,608.86,581.57759226,20.0,27.784729687522372,0.012044436758610645,2306.851722863578,2334.6364525511003,False,,fixed_20x
BNBUSDT,P6_MOMENTUM_OR_BREAKOUT_TOP20,G0_NO_PATH_GATE,fixed_20x,base,115,BNBUSDT_2025-03-17T02:45:00+00:00,2025-03-17 02:46:00+00:00,2025-03-17 13:00:00+00:00,619.07379,625.654844,618.95,591.21546945,20.0,449.4253954240882,0.19250337453310676,2334.6364525511003,2784.0618479751884,False,,fixed_20x
BNBUSDT,P6_MOMENTUM_OR_BREAKOUT_TOP20,G0_NO_PATH_GATE,fixed_20x,base,116,BNBUSDT_2025-03-20T09:00:00+00:00,2025-03-20 09:01:00+00:00,2025-03-20 16:15:00+00:00,625.1850119999999,619.286118,620.98,597.0516864599999,20.0,-580.795370302938,-0.20861439221450587,2784.0618479751884,2203.2664776722504,False,,fixed_20x
BNBUSDT,P6_MOMENTUM_OR_BREAKOUT_TOP20,G0_NO_PATH_GATE,fixed_20x,base,117,BNBUSDT_2025-04-01T08:15:00+00:00,2025-04-01 08:16:00+00:00,2025-04-01 11:02:00+00:00,612.912558,608.2137480598286,605.87,585.3314928899999,20.0,-381.71721564580577,-0.17325058930188497,2203.2664776722504,1821.5492620264447,False,,fixed_20x
BNBUSDT,P6_MOMENTUM_OR_BREAKOUT_TOP20,G0_NO_PATH_GATE,fixed_20x,base,118,BNBUSDT_2025-04-09T17:15:00+00:00,2025-04-09 17:16:00+00:00,2025-04-10 00:30:00+00:00,567.023382,576.9645840000001,563.7,541.50732981,20.0,601.9672024438231,0.3304698999873021,1821.5492620264447,2423.5164644702677,False,,fixed_20x
BNBUSDT,P6_MOMENTUM_OR_BREAKOUT_TOP20,G0_NO_PATH_GATE,fixed_20x,base,119,BNBUSDT_2025-04-11T17:30:00+00:00,2025-04-11 17:31:00+00:00,2025-04-11 23:00:00+00:00,586.657308,586.852606,585.85,560.2577291399999,20.0,-32.34264254390583,-0.013345336422533976,2423.5164644702677,2391.173821926362,False,,fixed_20x
BNBUSDT,P6_MOMENTUM_OR_BREAKOUT_TOP20,G0_NO_PATH_GATE,fixed_20x,base,120,BNBUSDT_2025-04-17T15:00:00+00:00,2025-04-17 15:01:00+00:00,2025-04-18 00:45:00+00:00,586.4972759999999,588.4822800000001,586.38,560.1048985799999,20.0,113.95447379423011,0.047656290291111854,2391.173821926362,2505.128295720592,False,,fixed_20x
BNBUSDT,P6_MOMENTUM_OR_BREAKOUT_TOP20,G0_NO_PATH_GATE,fixed_20x,base,121,BNBUSDT_2025-05-06T18:45:00+00:00,2025-05-06 18:46:00+00:00,2025-05-07 14:45:00+00:00,599.659908,602.809414,596.65,572.67521214,20.0,212.91223746452755,0.08499055231152704,2505.128295720592,2718.04053318512,False,,fixed_20x
BNBUSDT,P6_MOMENTUM_OR_BREAKOUT_TOP20,G0_NO_PATH_GATE,fixed_20x,base,122,BNBUSDT_2025-05-09T07:00:00+00:00,2025-05-09 07:01:00+00:00,2025-05-10 10:45:00+00:00,630.196014,655.498874,628.87,601.83719337,20.0,2127.176693823456,0.7826140441440498,2718.04053318512,4845.217227008576,False,,fixed_20x
BNBUSDT,P6_MOMENTUM_OR_BREAKOUT_TOP20,G0_NO_PATH_GATE,fixed_20x,base,123,BNBUSDT_2025-05-11T00:00:00+00:00,2025-05-11 00:01:00+00:00,2025-05-11 07:00:00+00:00,663.172608,657.488476,656.05,633.3298406399999,20.0,-927.067820165724,-0.19133668868301562,4845.217227008576,3918.149406842852,False,,fixed_20x
BNBUSDT,P6_MOMENTUM_OR_BREAKOUT_TOP20,G0_NO_PATH_GATE,fixed_20x,base,124,BNBUSDT_2025-05-12T07:00:00+00:00,2025-05-12 07:01:00+00:00,2025-05-12 18:00:00+00:00,660.502074,658.4382860000001,653.86,630.77948067,20.0,-323.091564513291,-0.0824602461429949,3918.149406842852,3595.057842329561,False,,fixed_20x
BNBUSDT,P6_MOMENTUM_OR_BREAKOUT_TOP20,G0_NO_PATH_GATE,fixed_20x,base,125,BNBUSDT_2025-05-18T14:30:00+00:00,2025-05-18 14:31:00+00:00,2025-05-18 18:00:00+00:00,649.359846,643.411292,646.54,620.1386529299999,20.0,-730.2326857217712,-0.20312126195126468,3595.057842329561,2864.8251566077897,False,,fixed_20x
BNBUSDT,P6_MOMENTUM_OR_BREAKOUT_TOP20,G0_NO_PATH_GATE,fixed_20x,base,126,BNBUSDT_2025-05-21T03:00:00+00:00,2025-05-21 03:01:00+00:00,2025-05-21 08:15:00+00:00,652.010376,651.679638,651.88,622.6699090799999,20.0,-86.34612639688784,-0.030140103383876106,2864.8251566077897,2778.479030210902,False,,fixed_20x
BNBUSDT,P6_MOMENTUM_OR_BREAKOUT_TOP20,G0_NO_PATH_GATE,fixed_20x,base,127,BNBUSDT_2025-05-27T06:30:00+00:00,2025-05-27 06:31:00+00:00,2025-05-27 21:15:00+00:00,679.795932,687.792414,677.45,649.2051150599999,20.0,597.7720320279311,0.21514361833515688,2778.479030210902,3376.2510622388327,False,,fixed_20x
BNBUSDT,P6_MOMENTUM_OR_BREAKOUT_TOP20,G0_NO_PATH_GATE,fixed_20x,base,128,BNBUSDT_2025-06-04T03:00:00+00:00,2025-06-04 03:01:00+00:00,2025-06-04 11:45:00+00:00,666.7133160000001,667.726428,666.58,636.7112167800001,20.0,35.03210860063208,0.01037603778713123,3376.2510622388327,3411.2831708394647,False,,fixed_20x
BNBUSDT,P6_MOMENTUM_OR_BREAKOUT_TOP20,G0_NO_PATH_GATE,fixed_20x,base,129,BNBUSDT_2025-06-09T21:15:00+00:00,2025-06-09 21:16:00+00:00,2025-06-10 04:00:00+00:00,663.38265,663.26732,663.24,633.5304307499999,20.0,-80.08085970354091,-0.023475289412527495,3411.2831708394647,3331.202311135924,False,,fixed_20x
BNBUSDT,P6_MOMENTUM_OR_BREAKOUT_TOP20,G0_NO_PATH_GATE,fixed_20x,base,130,BNBUSDT_2025-06-16T05:15:00+00:00,2025-06-16 05:16:00+00:00,2025-06-16 11:15:00+00:00,653.1806099999999,653.1093520000001,653.04,623.7874825499998,20.0,-73.88868706621238,-0.022180786444344385,3331.202311135924,3257.3136240697118,False,,fixed_20x
BNBUSDT,P6_MOMENTUM_OR_BREAKOUT_TOP20,G0_NO_PATH_GATE,fixed_20x,base,131,BNBUSDT_2025-06-23T22:00:00+00:00,2025-06-23 22:01:00+00:00,2025-06-24 10:30:00+00:00,632.756526,636.42269,632.58,604.28248233,20.0,312.119691024487,0.09582119717244861,3257.3136240697118,3569.433315094199,False,,fixed_20x
BNBUSDT,P6_MOMENTUM_OR_BREAKOUT_TOP20,G0_NO_PATH_GATE,fixed_20x,base,132,BNBUSDT_2025-06-29T11:45:00+00:00,2025-06-29 11:46:00+00:00,2025-06-29 14:30:00+00:00,650.460066,648.6102520000001,649.16,621.18936303,20.0,-274.30616022435413,-0.0768486580389064,3569.433315094199,3295.1271548698446,False,,fixed_20x
BNBUSDT,P6_MOMENTUM_OR_BREAKOUT_TOP20,G0_NO_PATH_GATE,fixed_20x,base,133,BNBUSDT_2025-06-29T22:15:00+00:00,2025-06-29 22:16:00+00:00,2025-06-30 06:45:00+00:00,649.8399420000001,653.279318,649.54,620.59714461,20.0,282.7222160369277,0.08580009290964526,3295.1271548698446,3577.8493709067725,False,,fixed_20x
BNBUSDT,P6_MOMENTUM_OR_BREAKOUT_TOP20,G0_NO_PATH_GATE,fixed_20x,base,134,BNBUSDT_2025-07-09T05:30:00+00:00,2025-07-09 05:31:00+00:00,2025-07-09 08:45:00+00:00,662.612496,660.66784,661.6,632.79493368,20.0,-281.4596815293253,-0.07866728091406261,3577.8493709067725,3296.389689377447,False,,fixed_20x
BNBUSDT,P6_MOMENTUM_OR_BREAKOUT_TOP20,G0_NO_PATH_GATE,fixed_20x,base,135,BNBUSDT_2025-07-09T18:15:00+00:00,2025-07-09 18:16:00+00:00,2025-07-10 14:15:00+00:00,664.052784,668.2163300000001,663.69,634.17040872,20.0,347.22634398943393,0.10533534463730553,3296.389689377447,3643.6160333668813,False,,fixed_20x
BNBUSDT,P6_MOMENTUM_OR_BREAKOUT_TOP20,G0_NO_PATH_GATE,fixed_20x,base,136,BNBUSDT_2025-07-10T21:15:00+00:00,2025-07-10 21:16:00+00:00,2025-07-11 07:00:00+00:00,677.6655059999999,686.26272,677.53,647.1705582299999,20.0,851.1612629248575,0.2336034464472214,3643.6160333668813,4494.777296291739,False,,fixed_20x
BNBUSDT,P6_MOMENTUM_OR_BREAKOUT_TOP20,G0_NO_PATH_GATE,fixed_20x,base,137,BNBUSDT_2025-07-16T09:00:00+00:00,2025-07-16 09:01:00+00:00,2025-07-16 13:30:00+00:00,694.2188160000001,691.151742,691.46,662.97896928,20.0,-486.85746503222435,-0.10831625972523473,4494.777296291739,4007.9198312595145,False,,fixed_20x
BNBUSDT,P6_MOMENTUM_OR_BREAKOUT_TOP20,G0_NO_PATH_GATE,fixed_20x,base,138,BNBUSDT_2025-07-16T14:30:00+00:00,2025-07-16 14:31:00+00:00,2025-07-17 05:00:00+00:00,694.678908,707.5984520000001,694.29,663.4183571399999,20.0,1409.871191551856,0.3517713055425051,4007.9198312595145,5417.791022811371,False,,fixed_20x
BNBUSDT,P6_MOMENTUM_OR_BREAKOUT_TOP20,G0_NO_PATH_GATE,fixed_20x,base,139,BNBUSDT_2025-07-18T13:00:00+00:00,2025-07-18 13:01:00+00:00,2025-07-18 15:19:00+00:00,750.7301160000001,737.0205395482287,732.15,716.9472607800001,20.0,-2086.1233519465836,-0.3850505387090519,5417.791022811371,3331.667670864787,False,,fixed_20x
BNBUSDT,P6_MOMENTUM_OR_BREAKOUT_TOP20,G0_NO_PATH_GATE,fixed_20x,base,140,BNBUSDT_2025-07-20T16:00:00+00:00,2025-07-20 16:01:00+00:00,2025-07-20 22:18:00+00:00,751.970364,745.5405117843428,745.25,718.13169762,20.0,-636.1084475173011,-0.19092794070669994,3331.667670864787,2695.559223347486,False,,fixed_20x
BNBUSDT,P6_MOMENTUM_OR_BREAKOUT_TOP20,G0_NO_PATH_GATE,fixed_20x,base,141,BNBUSDT_2025-07-21T10:45:00+00:00,2025-07-21 10:46:00+00:00,2025-07-21 16:15:00+00:00,768.393648,765.126944,766.14,733.81593384,20.0,-282.9914566166634,-0.10498432168195136,2695.559223347486,2412.5677667308223,False,,fixed_20x
BNBUSDT,P6_MOMENTUM_OR_BREAKOUT_TOP20,G0_NO_PATH_GATE,fixed_20x,base,142,BNBUSDT_2025-07-22T23:15:00+00:00,2025-07-22 23:16:00+00:00,2025-07-23 08:30:00+00:00,778.875744,791.5516580000001,778.13,743.82633552,20.0,736.6289292281269,0.30532983959505705,2412.5677667308223,3149.196695958949,False,,fixed_20x
BNBUSDT,P6_MOMENTUM_OR_BREAKOUT_TOP20,G0_NO_PATH_GATE,fixed_20x,base,143,BNBUSDT_2025-07-26T22:00:00+00:00,2025-07-26 22:01:00+00:00,2025-07-27 09:45:00+00:00,791.25822,793.8112060000001,790.15,755.6516001,20.0,140.13143209854255,0.044497516550287025,3149.196695958949,3289.3281280574915,False,,fixed_20x
BNBUSDT,P6_MOMENTUM_OR_BREAKOUT_TOP20,G0_NO_PATH_GATE,fixed_20x,base,144,BNBUSDT_2025-07-27T15:45:00+00:00,2025-07-27 15:46:00+00:00,2025-07-28 13:30:00+00:00,801.730314,843.211324,800.83,765.6524498699999,20.0,3336.2659297872274,1.0142697231478257,3289.3281280574915,6625.594057844719,False,,fixed_20x
BNBUSDT,P6_MOMENTUM_OR_BREAKOUT_TOP20,G0_NO_PATH_GATE,fixed_20x,base,145,BNBUSDT_2025-08-04T13:30:00+00:00,2025-08-04 13:31:00+00:00,2025-08-05 01:45:00+00:00,756.991368,763.487272,756.2,722.92675644,20.0,1004.0322103540236,0.15153844343440376,6625.594057844719,7629.626268198743,False,,fixed_20x
BNBUSDT,P6_MOMENTUM_OR_BREAKOUT_TOP20,G0_NO_PATH_GATE,fixed_20x,base,146,BNBUSDT_2025-08-06T17:45:00+00:00,2025-08-06 17:46:00+00:00,2025-08-06 23:00:00+00:00,771.044178,768.686232,768.93,736.34718999,20.0,-619.0055307475296,-0.08113182860969531,7629.626268198743,7010.620737451213,False,,fixed_20x
BNBUSDT,P6_MOMENTUM_OR_BREAKOUT_TOP20,G0_NO_PATH_GATE,fixed_20x,base,147,BNBUSDT_2025-08-07T10:30:00+00:00,2025-08-07 10:31:00+00:00,2025-08-08 15:30:00+00:00,774.144798,782.5334620000001,768.23,739.30828209,20.0,1378.3752468582275,0.1966124396795355,7010.620737451213,8388.99598430944,False,,fixed_20x
BNBUSDT,P6_MOMENTUM_OR_BREAKOUT_TOP20,G0_NO_PATH_GATE,fixed_20x,base,148,BNBUSDT_2025-08-09T05:00:00+00:00,2025-08-09 05:01:00+00:00,2025-08-09 16:45:00+00:00,801.420252,803.979172,801.25,765.35634066,20.0,367.67039282641673,0.04382769922814338,8388.99598430944,8756.666377135856,False,,fixed_20x
BNBUSDT,P6_MOMENTUM_OR_BREAKOUT_TOP20,G0_NO_PATH_GATE,fixed_20x,base,149,BNBUSDT_2025-08-10T23:45:00+00:00,2025-08-10 23:46:00+00:00,2025-08-11 07:45:00+00:00,804.600888,811.967574,804.06,768.39384804,20.0,1427.5335042471456,0.16302248398711583,8756.666377135856,10184.199881383001,False,,fixed_20x
BNBUSDT,P6_MOMENTUM_OR_BREAKOUT_TOP20,G0_NO_PATH_GATE,fixed_20x,base,150,BNBUSDT_2025-08-12T20:15:00+00:00,2025-08-12 20:16:00+00:00,2025-08-13 01:00:00+00:00,833.5666799999999,830.513864,831.12,796.0561793999999,20.0,-949.2738549600214,-0.09321045011059928,10184.199881383001,9234.92602642298,False,,fixed_20x
BNBUSDT,P6_MOMENTUM_OR_BREAKOUT_TOP20,G0_NO_PATH_GATE,fixed_20x,base,151,BNBUSDT_2025-08-13T07:00:00+00:00,2025-08-13 07:01:00+00:00,2025-08-13 14:45:00+00:00,837.26742,846.540658,837.1,799.5903860999999,20.0,1859.925361335636,0.20140121924247315,9234.92602642298,11094.851387758616,False,,fixed_20x
BNBUSDT,P6_MOMENTUM_OR_BREAKOUT_TOP20,G0_NO_PATH_GATE,fixed_20x,base,152,BNBUSDT_2025-08-17T00:30:00+00:00,2025-08-17 00:31:00+00:00,2025-08-17 17:00:00+00:00,839.0877839999999,854.239118,838.92,801.3288337199999,20.0,3782.874614987904,0.3409576643055983,11094.851387758616,14877.72600274652,False,,fixed_20x
BNBUSDT,P6_MOMENTUM_OR_BREAKOUT_TOP20,G0_NO_PATH_GATE,fixed_20x,base,153,BNBUSDT_2025-08-20T20:30:00+00:00,2025-08-20 20:31:00+00:00,2025-08-21 03:45:00+00:00,873.12459,866.596646,867.21,833.83398345,20.0,-2521.1180944625007,-0.16945587611958218,14877.72600274652,12356.607908284019,False,,fixed_20x
BNBUSDT,P6_MOMENTUM_OR_BREAKOUT_TOP20,G0_NO_PATH_GATE,fixed_20x,base,154,BNBUSDT_2025-08-22T14:00:00+00:00,2025-08-22 14:01:00+00:00,2025-08-23 00:30:00+00:00,859.801926,892.381488,854.34,821.11083933,20.0,9112.50230771247,0.7374598575393283,12356.607908284019,21469.110215996487,False,,fixed_20x
BNBUSDT,P6_MOMENTUM_OR_BREAKOUT_TOP20,G0_NO_PATH_GATE,fixed_20x,base,155,BNBUSDT_2025-09-03T13:30:00+00:00,2025-09-03 13:31:00+00:00,2025-09-03 19:45:00+00:00,855.080982,857.408484,854.14,816.6023378099999,20.0,738.7974960554277,0.03441211529600117,21469.110215996487,22207.907712051914,False,,fixed_20x
BNBUSDT,P6_MOMENTUM_OR_BREAKOUT_TOP20,G0_NO_PATH_GATE,fixed_20x,base,156,BNBUSDT_2025-09-06T03:30:00+00:00,2025-09-06 03:31:00+00:00,2025-09-06 20:00:00+00:00,858.57168,857.498466,856.39,819.9359544,20.0,-999.0779379578411,-0.04498748603028712,22207.907712051914,21208.829774094072,False,,fixed_20x
BNBUSDT,P6_MOMENTUM_OR_BREAKOUT_TOP20,G0_NO_PATH_GATE,fixed_20x,base,157,BNBUSDT_2025-09-07T02:45:00+00:00,2025-09-07 02:46:00+00:00,2025-09-08 05:15:00+00:00,863.662698,877.494466,863.34,824.79787659,20.0,6365.718020998787,0.30014470806750093,21208.829774094072,27574.54779509286,False,,fixed_20x
BNBUSDT,P6_MOMENTUM_OR_BREAKOUT_TOP20,G0_NO_PATH_GATE,fixed_20x,base,158,BNBUSDT_2025-09-10T12:30:00+00:00,2025-09-10 12:31:00+00:00,2025-09-10 19:00:00+00:00,889.02777,892.57145,887.75,849.02152035,20.0,1645.6623646012645,0.05968048422154451,27574.54779509286,29220.210159694125,False,,fixed_20x
BNBUSDT,P6_MOMENTUM_OR_BREAKOUT_TOP20,G0_NO_PATH_GATE,fixed_20x,base,159,BNBUSDT_2025-09-12T00:30:00+00:00,2025-09-12 00:31:00+00:00,2025-09-13 06:15:00+00:00,905.150994,925.044954,902.35,864.4191992699999,20.0,12253.565220999095,0.4193523987004536,29220.210159694125,41473.775380693216,False,,fixed_20x
BNBUSDT,P6_MOMENTUM_OR_BREAKOUT_TOP20,G0_NO_PATH_GATE,fixed_20x,base,160,BNBUSDT_2025-09-13T09:30:00+00:00,2025-09-13 09:31:00+00:00,2025-09-13 16:30:00+00:00,931.456254,928.054352,928.58,889.54072257,20.0,-3857.4046014351907,-0.09300828212593545,41473.775380693216,37616.370779258024,False,,fixed_20x
BNBUSDT,P6_MOMENTUM_OR_BREAKOUT_TOP20,G0_NO_PATH_GATE,fixed_20x,base,161,BNBUSDT_2025-09-16T17:00:00+00:00,2025-09-16 17:01:00+00:00,2025-09-17 04:45:00+00:00,936.067176,952.219518,935.88,893.94415308,20.0,12222.995402113309,0.32493818911560624,37616.370779258024,49839.36618137133,False,,fixed_20x
BNBUSDT,P6_MOMENTUM_OR_BREAKOUT_TOP20,G0_NO_PATH_GATE,fixed_20x,base,162,BNBUSDT_2025-09-17T18:15:00+00:00,2025-09-17 18:16:00+00:00,2025-09-18 18:15:00+00:00,949.179798,989.692022,948.99,906.46670709,20.0,41526.115486285904,0.8331991088162612,49839.36618137133,91365.48166765724,False,,fixed_20x
BNBUSDT,P6_MOMENTUM_OR_BREAKOUT_TOP20,G0_NO_PATH_GATE,fixed_20x,base,163,BNBUSDT_2025-09-20T04:45:00+00:00,2025-09-20 04:46:00+00:00,2025-09-21 09:30:00+00:00,997.539468,1057.218514,994.0,952.65019194,20.0,107439.11351462062,1.175926745567121,91365.48166765724,198804.59518227784,False,,fixed_20x
BNBUSDT,P6_MOMENTUM_OR_BREAKOUT_TOP20,G0_NO_PATH_GATE,fixed_20x,base,164,BNBUSDT_2025-09-24T09:30:00+00:00,2025-09-24 09:31:00+00:00,2025-09-24 11:32:00+00:00,1027.965552,1016.2893963181714,1013.4,981.7071021599999,20.0,-49115.98520834579,-0.24705658922678747,198804.59518227784,149688.60997393206,False,,fixed_20x
BNBUSDT,P6_MOMENTUM_OR_BREAKOUT_TOP20,G0_NO_PATH_GATE,fixed_20x,base,165,BNBUSDT_2025-09-28T23:30:00+00:00,2025-09-28 23:31:00+00:00,2025-09-29 09:00:00+00:00,990.878136,1004.878984,990.1500000000001,946.28861988,20.0,39286.292638656094,0.2624534535092397,149688.60997393206,188974.90261258816,False,,fixed_20x
BNBUSDT,P6_MOMENTUM_OR_BREAKOUT_TOP20,G0_NO_PATH_GATE,fixed_20x,base,166,BNBUSDT_2025-10-01T08:30:00+00:00,2025-10-01 08:31:00+00:00,2025-10-03 07:15:00+00:00,1016.243208,1085.862784,1016.04,970.5122636399999,20.0,255012.38000834736,1.34945104605314,188974.90261258816,443987.2826209355,False,,fixed_20x
BNBUSDT,P6_MOMENTUM_OR_BREAKOUT_TOP20,G0_NO_PATH_GATE,fixed_20x,base,167,BNBUSDT_2025-10-03T13:15:00+00:00,2025-10-03 13:16:00+00:00,2025-10-04 01:30:00+00:00,1104.430842,1165.736806,1093.78,1054.73145411,20.0,483780.5060545767,1.0896269442645625,443987.2826209355,927767.7886755122,False,,fixed_20x
BNBUSDT,P6_MOMENTUM_OR_BREAKOUT_TOP20,G0_NO_PATH_GATE,fixed_20x,base,168,BNBUSDT_2025-10-06T01:15:00+00:00,2025-10-06 01:16:00+00:00,2025-10-07 01:15:00+00:00,1170.924138,1211.537644,1170.3,1118.2325517900001,20.0,624715.3989823129,0.6733531888126456,927767.7886755122,1552483.1876578252,False,,fixed_20x
BNBUSDT,P6_MOMENTUM_OR_BREAKOUT_TOP20,G0_NO_PATH_GATE,fixed_20x,base,169,BNBUSDT_2025-10-07T04:45:00+00:00,2025-10-07 04:46:00+00:00,2025-10-07 15:15:00+00:00,1241.238198,1274.265096,1231.36,1185.38247909,20.0,794707.5054368175,0.511894435801114,1552483.1876578252,2347190.693094643,False,,fixed_20x
BNBUSDT,P6_MOMENTUM_OR_BREAKOUT_TOP20,G0_NO_PATH_GATE,fixed_20x,base,170,BNBUSDT_2025-10-12T11:45:00+00:00,2025-10-12 11:46:00+00:00,2025-10-13 04:15:00+00:00,1217.913534,1286.952558,1217.42,1163.10742497,20.0,2612797.230051015,1.1131593345771937,2347190.693094643,4959987.923145657,False,,fixed_20x
BNBUSDT,P6_MOMENTUM_OR_BREAKOUT_TOP20,G0_NO_PATH_GATE,fixed_20x,base,171,BNBUSDT_2025-10-13T06:15:00+00:00,2025-10-13 06:16:00+00:00,2025-10-13 11:15:00+00:00,1318.0635599999998,1273.365276,1296.44,1258.7506998,20.0,-3461588.403073061,-0.6979025870042237,4959987.923145657,1498399.5200725966,False,,fixed_20x
BNBUSDT,P6_MOMENTUM_OR_BREAKOUT_TOP20,G0_NO_PATH_GATE,fixed_20x,base,172,BNBUSDT_2025-10-23T08:00:00+00:00,2025-10-23 08:01:00+00:00,2025-10-23 12:00:00+00:00,1108.431642,1088.842188,1092.56,1058.55221811,20.0,-559331.2988128165,-0.3732858235203634,1498399.5200725966,939068.2212597801,False,,fixed_20x
BNBUSDT,P6_MOMENTUM_OR_BREAKOUT_TOP20,G0_NO_PATH_GATE,fixed_20x,base,173,BNBUSDT_2025-10-23T15:00:00+00:00,2025-10-23 15:01:00+00:00,2025-10-24 07:45:00+00:00,1085.797116,1124.655024,1082.71,1036.9362457799998,20.0,653019.6727431959,0.6953910886976412,939068.2212597801,1592087.894002976,False,,fixed_20x
BNBUSDT,P6_MOMENTUM_OR_BREAKOUT_TOP20,G0_NO_PATH_GATE,fixed_20x,base,174,BNBUSDT_2025-10-26T09:15:00+00:00,2025-10-26 09:16:00+00:00,2025-10-26 16:45:00+00:00,1121.62428,1124.435068,1120.0,1071.1511874,20.0,47913.720249125334,0.03009489641219254,1592087.894002976,1640001.6142521012,False,,fixed_20x
BNBUSDT,P6_MOMENTUM_OR_BREAKOUT_TOP20,G0_NO_PATH_GATE,fixed_20x,base,175,BNBUSDT_2025-10-27T11:30:00+00:00,2025-10-27 11:31:00+00:00,2025-10-27 14:23:00+00:00,1156.061166,1137.3108011953716,1136.78,1104.0384135299998,20.0,-564523.6838886562,-0.3442214196515282,1640001.6142521012,1075477.930363445,False,,fixed_20x
BNBUSDT,P6_MOMENTUM_OR_BREAKOUT_TOP20,G0_NO_PATH_GATE,fixed_20x,base,176,BNBUSDT_2025-11-10T00:30:00+00:00,2025-11-10 00:31:00+00:00,2025-11-10 08:00:00+00:00,1000.069974,1001.64963,999.86,955.06682517,20.0,12448.779651638071,0.011575114002972755,1075477.930363445,1087926.7100150832,False,,fixed_20x
BNBUSDT,P6_MOMENTUM_OR_BREAKOUT_TOP20,G0_NO_PATH_GATE,fixed_20x,base,177,BNBUSDT_2025-11-24T17:15:00+00:00,2025-11-24 17:16:00+00:00,2025-11-25 00:00:00+00:00,850.159998,862.9073840000001,849.99,811.9027980899999,20.0,304328.02912954165,0.27973210541482374,1087926.7100150832,1392254.739144625,False,,fixed_20x
BNBUSDT,P6_MOMENTUM_OR_BREAKOUT_TOP20,G0_NO_PATH_GATE,fixed_20x,base,178,BNBUSDT_2025-11-26T19:30:00+00:00,2025-11-26 19:31:00+00:00,2025-11-27 12:45:00+00:00,894.898944,885.552854,889.57,854.62849152,20.0,-318506.562496608,-0.22877032021617857,1392254.739144625,1073748.176648017,False,,fixed_20x
BNBUSDT,P6_MOMENTUM_OR_BREAKOUT_TOP20,G0_NO_PATH_GATE,fixed_20x,base,179,BNBUSDT_2025-12-02T17:15:00+00:00,2025-12-02 17:16:00+00:00,2025-12-04 04:30:00+00:00,872.0743799999999,914.047154,871.9,832.8310328999999,20.0,1011594.1528097007,0.9421148969655565,1073748.176648017,2085342.3294577177,False,,fixed_20x
BNBUSDT,P6_MOMENTUM_OR_BREAKOUT_TOP20,G0_NO_PATH_GATE,fixed_20x,base,180,BNBUSDT_2025-12-13T10:30:00+00:00,2025-12-13 10:31:00+00:00,2025-12-13 14:15:00+00:00,890.908146,887.312502,890.48,850.81727943,20.0,-209948.6478161738,-0.10067826507447812,2085342.3294577177,1875393.681641544,False,,fixed_20x
BNBUSDT,P6_MOMENTUM_OR_BREAKOUT_TOP20,G0_NO_PATH_GATE,fixed_20x,base,181,BNBUSDT_2025-12-13T15:00:00+00:00,2025-12-13 15:01:00+00:00,2025-12-14 05:00:00+00:00,893.118588,893.181328,889.84,852.92825154,20.0,-34874.32932938779,-0.018595737882012093,1875393.681641544,1840519.3523121562,False,,fixed_20x
BNBUSDT,P6_MOMENTUM_OR_BREAKOUT_TOP20,G0_NO_PATH_GATE,fixed_20x,base,182,BNBUSDT_2025-12-22T00:00:00+00:00,2025-12-22 00:01:00+00:00,2025-12-22 02:06:00+00:00,859.711908,852.6434880469714,851.16,821.02487214,20.0,-339308.44042813673,-0.18435472574731682,1840519.3523121562,1501210.9118840196,False,,fixed_20x
BNBUSDT,P6_MOMENTUM_OR_BREAKOUT_TOP20,G0_NO_PATH_GATE,fixed_20x,base,183,BNBUSDT_2025-12-27T22:00:00+00:00,2025-12-27 22:01:00+00:00,2025-12-28 01:55:00+00:00,843.408648,840.4740909846856,838.92,805.4552588399999,20.0,-134438.28439340755,-0.0895532288828673,1501210.9118840196,1366772.627490612,False,,fixed_20x
BNBUSDT,P6_MOMENTUM_OR_BREAKOUT_TOP20,G0_NO_PATH_GATE,fixed_20x,base,184,BNBUSDT_2025-12-28T10:00:00+00:00,2025-12-28 10:01:00+00:00,2025-12-28 21:15:00+00:00,846.609288,857.7684120000001,846.43,808.51187004,20.0,332791.9274219214,0.24348741021608386,1366772.627490612,1699564.5549125334,False,,fixed_20x
BNBUSDT,P6_MOMENTUM_OR_BREAKOUT_TOP20,G0_NO_PATH_GATE,fixed_20x,base,185,BNBUSDT_2025-12-31T07:45:00+00:00,2025-12-31 07:46:00+00:00,2025-12-31 15:00:00+00:00,866.8333319999999,864.767012,865.18,827.8258320599999,20.0,-114977.75480269786,-0.06765130189986522,1699564.5549125334,1584586.8001098356,False,,fixed_20x
BNBUSDT,P6_MOMENTUM_OR_BREAKOUT_TOP20,G0_NO_PATH_GATE,fixed_20x,base,186,BNBUSDT_2026-01-03T21:15:00+00:00,2026-01-03 21:16:00+00:00,2026-01-05 04:15:00+00:00,878.3456339999999,892.531458,878.17,838.8200804699999,20.0,479893.4362729805,0.30285083546052305,1584586.8001098356,2064480.236382816,False,,fixed_20x
BNBUSDT,P6_MOMENTUM_OR_BREAKOUT_TOP20,G0_NO_PATH_GATE,fixed_20x,base,187,BNBUSDT_2026-01-06T14:15:00+00:00,2026-01-06 14:16:00+00:00,2026-01-06 16:15:00+00:00,920.13399,911.497664,915.51,878.72796045,20.0,-428637.74692134245,-0.20762501833021194,2064480.236382816,1635842.4894614737,False,,fixed_20x
BNBUSDT,P6_MOMENTUM_OR_BREAKOUT_TOP20,G0_NO_PATH_GATE,fixed_20x,base,188,BNBUSDT_2026-01-10T03:30:00+00:00,2026-01-10 03:31:00+00:00,2026-01-10 09:00:00+00:00,901.960356,902.729418,901.7700000000001,861.37213998,20.0,-4834.576336362914,-0.0029554045499542423,1635842.4894614737,1631007.9131251108,False,,fixed_20x
BNBUSDT,P6_MOMENTUM_OR_BREAKOUT_TOP20,G0_NO_PATH_GATE,fixed_20x,base,189,BNBUSDT_2026-01-13T18:00:00+00:00,2026-01-13 18:01:00+00:00,2026-01-14 05:00:00+00:00,921.574278,943.341294,921.3500000000001,880.10343549,20.0,737462.6250907495,0.45215146974837545,1631007.9131251108,2368470.5382158603,False,,fixed_20x
BNBUSDT,P6_MOMENTUM_OR_BREAKOUT_TOP20,G0_NO_PATH_GATE,fixed_20x,base,190,BNBUSDT_2026-01-17T09:30:00+00:00,2026-01-17 09:31:00+00:00,2026-01-17 22:30:00+00:00,939.177798,948.940174,938.3800000000001,896.91479709,20.0,444770.39573941095,0.18778802124110483,2368470.5382158603,2813240.9339552713,False,,fixed_20x
BNBUSDT,P6_MOMENTUM_OR_BREAKOUT_TOP20,G0_NO_PATH_GATE,fixed_20x,base,191,BNBUSDT_2026-01-23T17:15:00+00:00,2026-01-23 17:16:00+00:00,2026-01-24 08:00:00+00:00,897.269418,891.661632,889.09,856.8922941899999,20.0,-407734.8405293104,-0.1449342058150904,2813240.9339552713,2405506.0934259607,False,,fixed_20x
BNBUSDT,P6_MOMENTUM_OR_BREAKOUT_TOP20,G0_NO_PATH_GATE,fixed_20x,base,192,BNBUSDT_2026-01-27T16:00:00+00:00,2026-01-27 16:01:00+00:00,2026-01-28 02:30:00+00:00,887.6775,894.8909860000001,885.2,847.7320125,20.0,342649.10060989636,0.1424436635377173,2405506.0934259607,2748155.194035857,False,,fixed_20x
BNBUSDT,P6_MOMENTUM_OR_BREAKOUT_TOP20,G0_NO_PATH_GATE,fixed_20x,base,193,BNBUSDT_2026-02-14T08:30:00+00:00,2026-02-14 08:31:00+00:00,2026-02-15 10:00:00+00:00,624.254826,627.42449,624.13,596.16335883,20.0,223973.40915974524,0.08149954909599727,2748155.194035857,2972128.603195602,False,,fixed_20x
BNBUSDT,P6_MOMENTUM_OR_BREAKOUT_TOP20,G0_NO_PATH_GATE,fixed_20x,base,194,BNBUSDT_2026-02-21T13:45:00+00:00,2026-02-21 13:46:00+00:00,2026-02-21 15:45:00+00:00,631.3062359999999,627.8244100000001,629.42,602.8974553799999,20.0,-387120.6414003501,-0.1302502997293327,2972128.603195602,2585007.961795252,False,,fixed_20x
BNBUSDT,P6_MOMENTUM_OR_BREAKOUT_TOP20,G0_NO_PATH_GATE,fixed_20x,base,195,BNBUSDT_2026-02-25T14:45:00+00:00,2026-02-25 14:46:00+00:00,2026-02-25 23:30:00+00:00,615.5430839999999,625.744826,615.03,587.8436452199999,20.0,804727.2521728516,0.31130552171064874,2585007.961795252,3389735.2139681033,False,,fixed_20x
BNBUSDT,P6_MOMENTUM_OR_BREAKOUT_TOP20,G0_NO_PATH_GATE,fixed_20x,base,196,BNBUSDT_2026-03-02T14:30:00+00:00,2026-03-02 14:31:00+00:00,2026-03-02 20:00:00+00:00,622.9245599999999,633.4432860000001,622.8,594.8929547999999,20.0,1076416.6615501745,0.31755184213639387,3389735.2139681033,4466151.875518277,False,,fixed_20x
BNBUSDT,P6_MOMENTUM_OR_BREAKOUT_TOP20,G0_NO_PATH_GATE,fixed_20x,base,197,BNBUSDT_2026-03-04T08:30:00+00:00,2026-03-04 08:31:00+00:00,2026-03-05 01:30:00+00:00,639.8879519999999,654.649044,639.76,611.0929941599999,20.0,1970172.406190001,0.44113421601037045,4466151.875518277,6436324.281708278,False,,fixed_20x
BNBUSDT,P6_MOMENTUM_OR_BREAKOUT_TOP20,G0_NO_PATH_GATE,fixed_20x,base,198,BNBUSDT_2026-03-09T19:15:00+00:00,2026-03-09 19:16:00+00:00,2026-03-10 13:30:00+00:00,634.446864,642.77142,633.6,605.89675512,20.0,1559444.9022310888,0.24228811880454126,6436324.281708278,7995769.183939367,False,,fixed_20x
BNBUSDT,P6_MOMENTUM_OR_BREAKOUT_TOP20,G0_NO_PATH_GATE,fixed_20x,base,199,BNBUSDT_2026-03-13T08:30:00+00:00,2026-03-13 08:31:00+00:00,2026-03-13 15:30:00+00:00,664.062786,663.747224,663.77,634.17996063,20.0,-235869.02504921833,-0.029499228857555647,7995769.183939367,7759900.158890149,False,,fixed_20x
BNBUSDT,P6_MOMENTUM_OR_BREAKOUT_TOP20,G0_NO_PATH_GATE,fixed_20x,base,200,BNBUSDT_2026-03-15T08:45:00+00:00,2026-03-15 08:46:00+00:00,2026-03-15 11:43:00+00:00,663.3126359999999,659.7842241870856,659.7,633.4635673799999,20.0,-980342.3420825708,-0.12633440147544156,7759900.158890149,6779557.816807577,False,,fixed_20x
BNBUSDT,P6_MOMENTUM_OR_BREAKOUT_TOP20,G0_NO_PATH_GATE,fixed_20x,base,201,BNBUSDT_2026-03-15T22:30:00+00:00,2026-03-15 22:31:00+00:00,2026-03-16 08:30:00+00:00,667.443462,674.645044,667.3,637.4085062099999,20.0,1326678.9099398206,0.19568811798474192,6779557.816807577,8106236.726747398,False,,fixed_20x
BNBUSDT,P6_MOMENTUM_OR_BREAKOUT_TOP20,G0_NO_PATH_GATE,fixed_20x,base,202,BNBUSDT_2026-03-25T05:00:00+00:00,2026-03-25 05:01:00+00:00,2026-03-25 15:00:00+00:00,642.438462,644.3611020000001,642.3,613.5287312099999,20.0,322826.999031228,0.03982452152748336,8106236.726747398,8429063.725778626,False,,fixed_20x
BNBUSDT,P6_MOMENTUM_OR_BREAKOUT_TOP20,G0_NO_PATH_GATE,fixed_20x,base,203,BNBUSDT_2026-04-04T19:00:00+00:00,2026-04-04 19:01:00+00:00,2026-04-05 00:45:00+00:00,593.6587079999999,592.521472,592.87,566.9440661399999,20.0,-491360.73243573663,-0.058293631228935536,8429063.725778626,7937702.9933428895,False,,fixed_20x
BNBUSDT,P6_MOMENTUM_OR_BREAKOUT_TOP20,G0_NO_PATH_GATE,fixed_20x,base,204,BNBUSDT_2026-04-05T23:00:00+00:00,2026-04-05 23:01:00+00:00,2026-04-06 17:00:00+00:00,597.7895339999999,603.6192520000001,597.18,570.8890049699999,20.0,1388661.2126774392,0.1749449700803957,7937702.9933428895,9326364.20602033,False,,fixed_20x
BNBUSDT,P6_MOMENTUM_OR_BREAKOUT_TOP20,G0_NO_PATH_GATE,fixed_20x,base,205,BNBUSDT_2026-04-07T23:15:00+00:00,2026-04-07 23:16:00+00:00,2026-04-08 03:45:00+00:00,619.313838,613.647246,614.43,591.44471529,20.0,-1892359.5522675307,-0.20290431624426375,9326364.20602033,7434004.653752798,False,,fixed_20x
BNBUSDT,P6_MOMENTUM_OR_BREAKOUT_TOP20,G0_NO_PATH_GATE,fixed_20x,base,206,BNBUSDT_2026-04-13T22:00:00+00:00,2026-04-13 22:01:00+00:00,2026-04-14 18:45:00+00:00,608.7817319999999,614.22713,608.55,581.3865540599999,20.0,1180560.6311357657,0.15880547378186005,7434004.653752798,8614565.284888564,False,,fixed_20x
BNBUSDT,P6_MOMENTUM_OR_BREAKOUT_TOP20,G0_NO_PATH_GATE,fixed_20x,base,207,BNBUSDT_2026-04-15T19:30:00+00:00,2026-04-15 19:31:00+00:00,2026-04-16 00:15:00+00:00,623.4346619999999,621.385698,621.82,595.3801022099999,20.0,-738256.2657054925,-0.08569860942380013,8614565.284888564,7876309.019183071,False,,fixed_20x
BNBUSDT,P6_MOMENTUM_OR_BREAKOUT_TOP20,G0_NO_PATH_GATE,fixed_20x,base,208,BNBUSDT_2026-04-17T13:00:00+00:00,2026-04-17 13:01:00+00:00,2026-04-18 03:45:00+00:00,636.0271799999999,640.501874,635.74,607.4059568999999,20.0,950176.5021944677,0.12063728072124572,7876309.019183071,8826485.52137754,False,,fixed_20x
BNBUSDT,P6_MOMENTUM_OR_BREAKOUT_TOP20,G0_NO_PATH_GATE,fixed_20x,base,209,BNBUSDT_2026-04-18T05:00:00+00:00,2026-04-18 05:01:00+00:00,2026-04-18 08:15:00+00:00,644.6989140000001,638.332308,640.45,615.68746287,20.0,-1918944.8776253078,-0.2174075823245468,8826485.52137754,6907540.643752231,False,,fixed_20x
BNBUSDT,P6_MOMENTUM_OR_BREAKOUT_TOP20,G0_NO_PATH_GATE,fixed_20x,base,210,BNBUSDT_2026-04-22T02:15:00+00:00,2026-04-22 02:16:00+00:00,2026-04-22 20:00:00+00:00,635.7971339999999,642.041566,635.37,607.1862629699999,20.0,1218008.2101138504,0.17633022705635773,6907540.643752231,8125548.853866082,False,,fixed_20x
BNBUSDT,P6_MOMENTUM_OR_BREAKOUT_TOP20,G0_NO_PATH_GATE,fixed_20x,base,211,BNBUSDT_2026-05-04T04:00:00+00:00,2026-05-04 04:01:00+00:00,2026-05-04 10:00:00+00:00,627.895554,623.355304,627.4,599.64025407,20.0,-1337024.0608942136,-0.1645456922282938,8125548.853866082,6788524.792971868,False,,fixed_20x
BNBUSDT,P6_MOMENTUM_OR_BREAKOUT_TOP20,G0_NO_PATH_GATE,fixed_20x,base,212,BNBUSDT_2026-05-05T13:00:00+00:00,2026-05-05 13:01:00+00:00,2026-05-06 23:00:00+00:00,631.2762299999999,645.890796,628.12,602.8687996499999,20.0,3005856.9960456355,0.44278500671568394,6788524.792971868,9794381.789017504,False,,fixed_20x
BNBUSDT,P6_MOMENTUM_OR_BREAKOUT_TOP20,G0_NO_PATH_GATE,fixed_20x,base,213,BNBUSDT_2026-05-09T01:30:00+00:00,2026-05-09 01:31:00+00:00,2026-05-09 06:30:00+00:00,653.240622,650.879798,651.28,623.84479401,20.0,-903475.2966983181,-0.092244239213892,9794381.789017504,8890906.492319185,False,,fixed_20x
BNBUSDT,P6_MOMENTUM_OR_BREAKOUT_TOP20,G0_NO_PATH_GATE,fixed_20x,base,214,BNBUSDT_2026-05-10T17:15:00+00:00,2026-05-10 17:16:00+00:00,2026-05-10 20:45:00+00:00,658.1315999999999,653.2673489657143,653.18,628.5156779999999,20.0,-1491414.9029066665,-0.16774610150214642,8890906.492319185,7399491.589412519,False,,fixed_20x
BNBUSDT,P6_MOMENTUM_OR_BREAKOUT_TOP20,G0_NO_PATH_GATE,fixed_20x,base,215,BNBUSDT_2026-05-10T22:15:00+00:00,2026-05-10 22:16:00+00:00,2026-05-11 03:00:00+00:00,655.6611059999999,651.4296879999999,654.27,626.1563562299999,20.0,-1102589.2870543166,-0.1490087898244177,7399491.589412519,6296902.302358203,False,,fixed_20x
BNBUSDT,P6_MOMENTUM_OR_BREAKOUT_TOP20,G0_NO_PATH_GATE,fixed_20x,base,216,BNBUSDT_2026-05-11T22:45:00+00:00,2026-05-11 22:46:00+00:00,2026-05-12 06:45:00+00:00,664.6429019999999,660.297914,659.25,634.7339714099999,20.0,-948824.587862605,-0.15068116707277932,6296902.302358203,5348077.714495597,False,,fixed_20x
BNBUSDT,P6_MOMENTUM_OR_BREAKOUT_TOP20,G0_NO_PATH_GATE,fixed_20x,base,217,BNBUSDT_2026-05-12T22:00:00+00:00,2026-05-12 22:01:00+00:00,2026-05-13 12:30:00+00:00,666.6333,672.645444,664.41,636.6348015,20.0,857206.8014183085,0.16028316101220974,5348077.714495597,6205284.515913906,False,,fixed_20x
BNBUSDT,P6_MOMENTUM_OR_BREAKOUT_TOP20,G0_NO_PATH_GATE,fixed_20x,base,218,BNBUSDT_2026-05-14T12:45:00+00:00,2026-05-14 12:46:00+00:00,2026-05-15 05:30:00+00:00,674.3648460000001,676.384696,674.08,644.01842793,20.0,247428.4171254952,0.03987382310850485,6205284.515913906,6452712.933039401,False,,fixed_20x
BNBUSDT,P6_MOMENTUM_OR_BREAKOUT_TOP20,G0_NO_PATH_GATE,fixed_20x,base,219,BNBUSDT_2026-05-21T17:15:00+00:00,2026-05-21 17:16:00+00:00,2026-05-22 18:30:00+00:00,655.120998,655.198934,654.48,625.6405530899999,20.0,-113709.08769644873,-0.017621903976888786,6452712.933039401,6339003.845342952,False,,fixed_20x
BNBUSDT,P6_MOMENTUM_OR_BREAKOUT_TOP20,G0_NO_PATH_GATE,fixed_20x,base,220,BNBUSDT_2026-05-25T12:00:00+00:00,2026-05-25 12:01:00+00:00,2026-05-25 17:15:00+00:00,662.992572,663.337306,661.97,633.15790626,20.0,-60891.6308280166,-0.009605867469657962,6339003.845342952,6278112.214514935,False,,fixed_20x
BNBUSDT,P6_MOMENTUM_OR_BREAKOUT_TOP20,G0_NO_PATH_GATE,fixed_20x,base,221,BNBUSDT_2026-05-26T14:15:00+00:00,2026-05-26 14:16:00+00:00,2026-05-26 15:31:00+00:00,664.912956,659.2525076945143,659.23,634.9918729799999,20.0,-1193947.5377625194,-0.19017620217143047,6278112.214514935,5084164.676752416,False,,fixed_20x
BNBUSDT,P6_MOMENTUM_OR_BREAKOUT_TOP20,G0_NO_PATH_GATE,fixed_20x,base,222,BNBUSDT_2026-05-30T01:45:00+00:00,2026-05-30 01:46:00+00:00,2026-05-31 07:15:00+00:00,649.17981,724.485074,649.01,619.96671855,20.0,11687744.693164496,2.2988525030684515,5084164.676752416,16771909.369916912,False,,fixed_20x
BNBUSDT,P6_MOMENTUM_OR_BREAKOUT_TOP20,G0_NO_PATH_GATE,fixed_20x,base,223,BNBUSDT_2026-06-01T09:30:00+00:00,2026-06-01 09:31:00+00:00,2026-06-01 13:55:00+00:00,694.8089339999999,679.5272870703428,679.66,663.5425319699999,20.0,-7709386.149000516,-0.45966061340806713,16771909.369916912,9062523.220916396,False,,fixed_20x
BNBUSDT,P6_MOMENTUM_OR_BREAKOUT_TOP20,G0_NO_PATH_GATE,fixed_20x,base,224,BNBUSDT_2026-06-07T22:00:00+00:00,2026-06-07 22:01:00+00:00,2026-06-08 04:15:00+00:00,594.528882,598.2103340000001,593.18,567.7750823099999,20.0,940530.6171800634,0.1037824228697488,9062523.220916396,10003053.838096458,False,,fixed_20x
BNBUSDT,P6_MOMENTUM_OR_BREAKOUT_TOP20,G0_NO_PATH_GATE,fixed_20x,base,225,BNBUSDT_2026-06-11T08:00:00+00:00,2026-06-11 08:01:00+00:00,2026-06-12 05:30:00+00:00,599.389854,601.289718,596.4,572.41731057,20.0,433748.1053375247,0.043361568612737295,10003053.838096458,10436801.943433983,False,,fixed_20x
BNBUSDT,P6_MOMENTUM_OR_BREAKOUT_TOP20,G0_NO_PATH_GATE,fixed_20x,base,226,BNBUSDT_2026-06-13T11:00:00+00:00,2026-06-13 11:01:00+00:00,2026-06-13 17:45:00+00:00,605.301036,607.288518,605.11,578.06248938,20.0,476297.7968289018,0.04563637399754922,10436801.943433983,10913099.740262885,False,,fixed_20x
BNBUSDT,P6_MOMENTUM_OR_BREAKOUT_TOP20,G0_NO_PATH_GATE,fixed_20x,base,227,BNBUSDT_2026-06-15T11:15:00+00:00,2026-06-15 11:16:00+00:00,2026-06-15 18:15:00+00:00,618.4236599999999,622.8754,618.24,590.5945952999999,20.0,1352117.4921762065,0.12389857367359089,10913099.740262885,12265217.232439091,False,,fixed_20x
BNBUSDT,P6_MOMENTUM_OR_BREAKOUT_TOP20,G0_NO_PATH_GATE,fixed_20x,base,228,BNBUSDT_2026-06-22T01:15:00+00:00,2026-06-22 01:16:00+00:00,2026-06-22 16:30:00+00:00,588.587694,593.321312,588.43,562.10124777,20.0,1726528.3739214747,0.1407662286938666,12265217.232439091,13991745.606360566,False,,fixed_20x
